Date,Genotype,"Week 1 set or week 2 set? (generation time is 2 weeks, so sets were staggered to have flies out each week)",Wing clipping pattern was matched within treatment or mismatched,Plate # within a batch,"Three-way mating pattern (FC = female CMY chooser, MS = male starch chooser, etc).",Assay start time,AM or PM?,Order,well possition,Copulation initiation time,Copulation end time,Male wing clip,Female wing clip,Mating pattern,Male diet treatment,Female diet treatment,Type of mating pattern,Binary assortative/disassortative,Loder,Loader,Data recorder,Copulation latency,Latency as integer,Copulation duration,Duration as integer
4/17/14,Canton s,1,matched,1,FC,9:09:00,am,1,NA,9:16,9:30,R,R,assortative,cmy,cmy,cmy,1,NA,NA,NA,0:07:00,0:14:00,7,14
4/17/14,Canton s,1,matched,1,FC,9:09:00,am,5,NA,9:20,9:37,R,R,assortative,cmy,cmy,cmy,1,NA,NA,NA,0:11:00,0:17:00,11,17
4/17/14,Canton s,1,matched,1,FC,9:09:00,am,6,NA,9:21,9:40,R,R,assortative,cmy,cmy,cmy,1,NA,NA,NA,0:12:00,0:19:00,12,19
4/17/14,Canton s,1,matched,1,FC,9:09:00,am,7,NA,9:21,9:40,R,R,assortative,cmy,cmy,cmy,1,NA,NA,NA,0:12:00,0:19:00,12,19
4/17/14,Canton s,1,matched,1,FC,9:09:00,am,8,NA,9:21,9:40,R,R,assortative,cmy,cmy,cmy,1,NA,NA,NA,0:12:00,0:19:00,12,19
4/17/14,Canton s,1,matched,1,FC,9:09:00,am,10,NA,9:23,9:46,R,R,assortative,cmy,cmy,cmy,1,NA,NA,NA,0:14:00,0:23:00,14,23
4/17/14,Canton s,1,matched,1,FC,9:09:00,am,11,NA,9:24,9:49,R,R,assortative,cmy,cmy,cmy,1,NA,NA,NA,0:15:00,0:25:00,15,25
4/17/14,Canton s,1,matched,1,FC,9:09:00,am,12,NA,9:26,9:50,R,R,assortative,cmy,cmy,cmy,1,NA,NA,NA,0:17:00,0:24:00,17,24
4/17/14,Canton s,1,matched,1,FC,9:09:00,am,15,NA,9:32,9:52,R,R,assortative,cmy,cmy,cmy,1,NA,NA,NA,0:23:00,0:20:00,23,20
4/17/14,Canton s,1,matched,1,FC,9:09:00,am,16,NA,9:34,9:58,R,R,assortative,cmy,cmy,cmy,1,NA,NA,NA,0:25:00,0:24:00,25,24
4/17/14,Canton s,1,matched,1,FC,9:09:00,am,17,NA,9:37,10:00,R,R,assortative,cmy,cmy,cmy,1,NA,NA,NA,0:28:00,0:23:00,28,23
4/17/14,Canton s,1,matched,1,FC,9:09:00,am,19,NA,9:48,10:12,R,R,assortative,cmy,cmy,cmy,1,NA,NA,NA,0:39:00,0:24:00,39,24
4/17/14,Canton s,1,matched,1,FC,9:09:00,am,20,NA,9:49,10:13,R,R,assortative,cmy,cmy,cmy,1,NA,NA,NA,0:40:00,0:24:00,40,24
4/17/14,Canton s,1,matched,1,FC,9:09:00,am,21,NA,9:49,10:10,R,R,assortative,cmy,cmy,cmy,1,NA,NA,NA,0:40:00,0:21:00,40,21
4/17/14,Canton s,1,matched,1,FC,9:09:00,am,23,NA,10:07,10:31,R,R,assortative,cmy,cmy,cmy,1,NA,NA,NA,0:58:00,0:24:00,58,24
4/17/14,Canton s,1,matched,2,FC,9:18:00,am,3,NA,9:30,9:47,R,R,assortative,cmy,cmy,cmy,1,NA,NA,NA,0:12:00,0:17:00,12,17
4/17/14,Canton s,1,matched,2,FC,9:18:00,am,6,NA,9:33,9:58,R,R,assortative,cmy,cmy,cmy,1,NA,NA,NA,0:15:00,0:25:00,15,25
4/17/14,Canton s,1,matched,2,FC,9:18:00,am,7,NA,9:33,9:52,R,R,assortative,cmy,cmy,cmy,1,NA,NA,NA,0:15:00,0:19:00,15,19
4/17/14,Canton s,1,matched,2,FC,9:18:00,am,8,NA,9:37,9:53,R,R,assortative,cmy,cmy,cmy,1,NA,NA,NA,0:19:00,0:16:00,19,16
4/17/14,Canton s,1,matched,2,FC,9:18:00,am,9,NA,9:38,9:57,R,R,assortative,cmy,cmy,cmy,1,NA,NA,NA,0:20:00,0:19:00,20,19
4/17/14,Canton s,1,matched,2,FC,9:18:00,am,10,NA,9:38,9:58,R,R,assortative,cmy,cmy,cmy,1,NA,NA,NA,0:20:00,0:20:00,20,20
4/17/14,Canton s,1,matched,2,FC,9:18:00,am,11,NA,9:39,10:02,R,R,assortative,cmy,cmy,cmy,1,NA,NA,NA,0:21:00,0:23:00,21,23
4/17/14,Canton s,1,matched,2,FC,9:18:00,am,13,NA,9:43,10:04,R,R,assortative,cmy,cmy,cmy,1,NA,NA,NA,0:25:00,0:21:00,25,21
4/17/14,Canton s,1,matched,2,FC,9:18:00,am,15,NA,9:47,10:06,R,R,assortative,cmy,cmy,cmy,1,NA,NA,NA,0:29:00,0:19:00,29,19
4/17/14,Canton s,1,matched,2,FC,9:18:00,am,16,NA,10:04,10:23,R,R,assortative,cmy,cmy,cmy,1,NA,NA,NA,0:46:00,0:19:00,46,19
4/17/14,Canton s,1,matched,2,FC,9:18:00,am,17,NA,10:05,10:23,R,R,assortative,cmy,cmy,cmy,1,NA,NA,NA,0:47:00,0:18:00,47,18
4/17/14,Canton s,1,matched,2,FC,9:18:00,am,18,NA,10:13,10:33,R,R,assortative,cmy,cmy,cmy,1,NA,NA,NA,0:55:00,0:20:00,55,20
4/17/14,Canton s,1,matched,1,FC,9:09:00,am,2,NA,9:17,9:39,L,R,disassortative,starch,cmy,CxS,0,NA,NA,NA,0:08:00,0:22:00,8,22
4/17/14,Canton s,1,matched,1,FC,9:09:00,am,3,NA,9:18,9:39,L,R,disassortative,starch,cmy,CxS,0,NA,NA,NA,0:09:00,0:21:00,9,21
4/17/14,Canton s,1,matched,1,FC,9:09:00,am,4,NA,9:20,9:37,L,R,disassortative,starch,cmy,CxS,0,NA,NA,NA,0:11:00,0:17:00,11,17
4/17/14,Canton s,1,matched,1,FC,9:09:00,am,9,NA,9:22,9:41,L,R,disassortative,starch,cmy,CxS,0,NA,NA,NA,0:13:00,0:19:00,13,19
4/17/14,Canton s,1,matched,1,FC,9:09:00,am,13,NA,9:30,9:50,L,R,disassortative,starch,cmy,CxS,0,NA,NA,NA,0:21:00,0:20:00,21,20
4/17/14,Canton s,1,matched,1,FC,9:09:00,am,14,NA,9:32,9:53,L,R,disassortative,starch,cmy,CxS,0,NA,NA,NA,0:23:00,0:21:00,23,21
4/17/14,Canton s,1,matched,1,FC,9:09:00,am,18,NA,9:37,10:00,L,R,disassortative,starch,cmy,CxS,0,NA,NA,NA,0:28:00,0:23:00,28,23
4/17/14,Canton s,1,matched,1,FC,9:09:00,am,22,NA,10:03,10:26,L,R,disassortative,starch,cmy,CxS,0,NA,NA,NA,0:54:00,0:23:00,54,23
4/17/14,Canton s,1,matched,2,FC,9:18:00,am,1,NA,9:28,9:47,L,R,disassortative,starch,cmy,CxS,0,NA,NA,NA,0:10:00,0:19:00,10,19
4/17/14,Canton s,1,matched,2,FC,9:18:00,am,2,NA,9:29,9:42,L,R,disassortative,starch,cmy,CxS,0,NA,NA,NA,0:11:00,0:13:00,11,13
4/17/14,Canton s,1,matched,2,FC,9:18:00,am,4,NA,9:31,9:53,L,R,disassortative,starch,cmy,CxS,0,NA,NA,NA,0:13:00,0:22:00,13,22
4/17/14,Canton s,1,matched,2,FC,9:18:00,am,5,NA,9:33,9:53,L,R,disassortative,starch,cmy,CxS,0,NA,NA,NA,0:15:00,0:20:00,15,20
4/17/14,Canton s,1,matched,2,FC,9:18:00,am,12,NA,9:40,10:06,L,R,disassortative,starch,cmy,CxS,0,NA,NA,NA,0:22:00,0:26:00,22,26
4/17/14,Canton s,1,matched,2,FC,9:18:00,am,14,NA,9:46,10:04,L,R,disassortative,starch,cmy,CxS,0,NA,NA,NA,0:28:00,0:18:00,28,18
4/24/14,Canton s,2,matched,5,FC,10:10:00,am,1,D5,10:13,10:34,L,L,assortative,cmy,cmy,cmy,1,NA,NA,NA,0:03:00,0:21:00,3,21
4/24/14,Canton s,2,matched,5,FC,10:10:00,am,2,B2,10:17,10:32,L,L,assortative,cmy,cmy,cmy,1,NA,NA,NA,0:07:00,0:15:00,7,15
4/24/14,Canton s,2,matched,5,FC,10:10:00,am,4,D1?,10:17,10:36,L,L,assortative,cmy,cmy,cmy,1,NA,NA,NA,0:07:00,0:19:00,7,19
4/24/14,Canton s,2,matched,5,FC,10:10:00,am,8,D3,10:23,10:39,L,L,assortative,cmy,cmy,cmy,1,NA,NA,NA,0:13:00,0:16:00,13,16
4/24/14,Canton s,2,matched,5,FC,10:10:00,am,15,B4,10:37,10:51,L,L,assortative,cmy,cmy,cmy,1,NA,NA,NA,0:27:00,0:14:00,27,14
4/24/14,Canton s,2,matched,5,FC,10:10:00,am,16,C1,10:38,10:54,L,L,assortative,cmy,cmy,cmy,1,NA,NA,NA,0:28:00,0:16:00,28,16
4/24/14,Canton s,2,matched,5,FC,10:10:00,am,18,D3 OR B1,10:41,11:02,L,L,assortative,cmy,cmy,cmy,1,NA,NA,NA,0:31:00,0:21:00,31,21
4/24/14,Canton s,2,matched,5,FC,10:10:00,am,20,B5,10:53,11:09,L,L,assortative,cmy,cmy,cmy,1,NA,NA,NA,0:43:00,0:16:00,43,16
4/24/14,Canton s,2,matched,6,FC,10:08:00,am,1,A5,10:08,10:21,L,L,assortative,cmy,cmy,cmy,1,NA,NA,NA,0:00:00,0:13:00,0,13
4/24/14,Canton s,2,matched,6,FC,10:08:00,am,2,A2,10:08,10:21,L,L,assortative,cmy,cmy,cmy,1,NA,NA,NA,0:00:00,0:13:00,0,13
4/24/14,Canton s,2,matched,6,FC,10:08:00,am,8,A4,10:46,11:08,L,L,assortative,cmy,cmy,cmy,1,NA,NA,NA,0:38:00,0:22:00,38,22
4/24/14,Canton s,2,matched,6,FC,10:08:00,am,9,B6,10:49,11:07,L,L,assortative,cmy,cmy,cmy,1,NA,NA,NA,0:41:00,0:18:00,41,18
4/24/14,Canton s,2,matched,6,FC,10:08:00,am,10,B3,11:00,11:18,L,L,assortative,cmy,cmy,cmy,1,NA,NA,NA,0:52:00,0:18:00,52,18
4/24/14,Canton s,2,matched,5,FC,10:10:00,am,3,D2,10:17,10:36,R,L,disassortative,starch,cmy,CxS,0,NA,NA,NA,0:07:00,0:19:00,7,19
4/24/14,Canton s,2,matched,5,FC,10:10:00,am,5,A3,10:17,10:39,R,L,disassortative,starch,cmy,CxS,0,NA,NA,NA,0:07:00,0:22:00,7,22
4/24/14,Canton s,2,matched,5,FC,10:10:00,am,6,A5,10:20,10:37,R,L,disassortative,starch,cmy,CxS,0,NA,NA,NA,0:10:00,0:17:00,10,17
4/24/14,Canton s,2,matched,5,FC,10:10:00,am,7,B6,10:21,10:39,R,L,disassortative,starch,cmy,CxS,0,NA,NA,NA,0:11:00,0:18:00,11,18
4/24/14,Canton s,2,matched,5,FC,10:10:00,am,9,A2,10:25,10:43,R,L,disassortative,starch,cmy,CxS,0,NA,NA,NA,0:15:00,0:18:00,15,18
4/24/14,Canton s,2,matched,5,FC,10:10:00,am,10,B3,10:26,10:38,R,L,disassortative,starch,cmy,CxS,0,NA,NA,NA,0:16:00,0:12:00,16,12
4/24/14,Canton s,2,matched,5,FC,10:10:00,am,11,A4,10:26,10:42,R,L,disassortative,starch,cmy,CxS,0,NA,NA,NA,0:16:00,0:16:00,16,16
4/24/14,Canton s,2,matched,5,FC,10:10:00,am,12,C4,10:27,10:39,R,L,disassortative,starch,cmy,CxS,0,NA,NA,NA,0:17:00,0:12:00,17,12
4/24/14,Canton s,2,matched,5,FC,10:10:00,am,13,D3 OR B1,10:32,10:51,R,L,disassortative,starch,cmy,CxS,0,NA,NA,NA,0:22:00,0:19:00,22,19
4/24/14,Canton s,2,matched,5,FC,10:10:00,am,14,A6,10:33,10:53,R,L,disassortative,starch,cmy,CxS,0,NA,NA,NA,0:23:00,0:20:00,23,20
4/24/14,Canton s,2,matched,5,FC,10:10:00,am,17,C2,10:40,11:00,R,L,disassortative,starch,cmy,CxS,0,NA,NA,NA,0:30:00,0:20:00,30,20
4/24/14,Canton s,2,matched,5,FC,10:10:00,am,19,A1,10:44,11:02,R,L,disassortative,starch,cmy,CxS,0,NA,NA,NA,0:34:00,0:18:00,34,18
4/24/14,Canton s,2,matched,6,FC,10:08:00,am,3,A3,10:17,10:30,R,L,disassortative,starch,cmy,CxS,0,NA,NA,NA,0:09:00,0:13:00,9,13
4/24/14,Canton s,2,matched,6,FC,10:08:00,am,4,A6,10:20,10:39,R,L,disassortative,starch,cmy,CxS,0,NA,NA,NA,0:12:00,0:19:00,12,19
4/24/14,Canton s,2,matched,6,FC,10:08:00,am,5,B1,10:25,10:50,R,L,disassortative,starch,cmy,CxS,0,NA,NA,NA,0:17:00,0:25:00,17,25
4/24/14,Canton s,2,matched,6,FC,10:08:00,am,6,B2,10:28,10:42,R,L,disassortative,starch,cmy,CxS,0,NA,NA,NA,0:20:00,0:14:00,20,14
4/24/14,Canton s,2,matched,6,FC,10:08:00,am,7,A1,10:36,10:55,R,L,disassortative,starch,cmy,CxS,0,NA,NA,NA,0:28:00,0:19:00,28,19
5/1/14,Canton s,1,matched,1,FC,9:28:00,am,1,,9:37,9:50,R,R,assortative,cmy,cmy,cmy,1,NA,NA,NA,0:09:00,0:13:00,9,13
5/1/14,Canton s,1,matched,1,FC,9:28:00,am,2,,9:38,9:50,R,R,assortative,cmy,cmy,cmy,1,NA,NA,NA,0:10:00,0:12:00,10,12
5/1/14,Canton s,1,matched,1,FC,9:28:00,am,4,,9:41,10:05,R,R,assortative,cmy,cmy,cmy,1,NA,NA,NA,0:13:00,0:24:00,13,24
5/1/14,Canton s,1,matched,1,FC,9:28:00,am,5,,9:42,10:06,R,R,assortative,cmy,cmy,cmy,1,NA,NA,NA,0:14:00,0:24:00,14,24
5/1/14,Canton s,1,matched,1,FC,9:28:00,am,9,,9:52,10:11,R,R,assortative,cmy,cmy,cmy,1,NA,NA,NA,0:24:00,0:19:00,24,19
5/1/14,Canton s,1,matched,1,FC,9:28:00,am,11,,10:02,10:22,R,R,assortative,cmy,cmy,cmy,1,NA,NA,NA,0:34:00,0:20:00,34,20
5/1/14,Canton s,1,matched,1,FC,9:28:00,am,13,,10:10,10:26,R,R,assortative,cmy,cmy,cmy,1,NA,NA,NA,0:42:00,0:16:00,42,16
5/1/14,Canton s,1,matched,2,FC,9:36:00,am,3,,9:43,10:04,R,R,assortative,cmy,cmy,cmy,1,NA,NA,NA,0:07:00,0:21:00,7,21
5/1/14,Canton s,1,matched,2,FC,9:36:00,am,6,,9:45,10:03,R,R,assortative,cmy,cmy,cmy,1,NA,NA,NA,0:09:00,0:18:00,9,18
5/1/14,Canton s,1,matched,2,FC,9:36:00,am,9,,9:48,10:05,R,R,assortative,cmy,cmy,cmy,1,NA,NA,NA,0:12:00,0:17:00,12,17
5/1/14,Canton s,1,matched,2,FC,9:36:00,am,11,,9:54,10:10,R,R,assortative,cmy,cmy,cmy,1,NA,NA,NA,0:18:00,0:16:00,18,16
5/1/14,Canton s,1,matched,2,FC,9:36:00,am,14,,9:57,10:17,R,R,assortative,cmy,cmy,cmy,1,NA,NA,NA,0:21:00,0:20:00,21,20
5/1/14,Canton s,1,matched,2,FC,9:36:00,am,15,,10:00,10:21,R,R,assortative,cmy,cmy,cmy,1,NA,NA,NA,0:24:00,0:21:00,24,21
5/1/14,Canton s,1,matched,2,FC,9:36:00,am,17,,10:30,10:51,R,R,assortative,cmy,cmy,cmy,1,NA,NA,NA,0:54:00,0:21:00,54,21
5/1/14,Canton s,1,matched,1,FC,9:28:00,am,3,,9:38,9:56,L,R,disassortative,starch,cmy,CxS,0,NA,NA,NA,0:10:00,0:18:00,10,18
5/1/14,Canton s,1,matched,1,FC,9:28:00,am,6,,9:46,10:11,L,R,disassortative,starch,cmy,CxS,0,NA,NA,NA,0:18:00,0:25:00,18,25
5/1/14,Canton s,1,matched,1,FC,9:28:00,am,7,,9:49,10:10,L,R,disassortative,starch,cmy,CxS,0,NA,NA,NA,0:21:00,0:21:00,21,21
5/1/14,Canton s,1,matched,1,FC,9:28:00,am,8,,9:50,10:13,L,R,disassortative,starch,cmy,CxS,0,NA,NA,NA,0:22:00,0:23:00,22,23
5/1/14,Canton s,1,matched,1,FC,9:28:00,am,10,,9:53,10:15,L,R,disassortative,starch,cmy,CxS,0,NA,NA,NA,0:25:00,0:22:00,25,22
5/1/14,Canton s,1,matched,1,FC,9:28:00,am,12,,10:02,10:22,L,R,disassortative,starch,cmy,CxS,0,NA,NA,NA,0:34:00,0:20:00,34,20
5/1/14,Canton s,1,matched,1,FC,9:28:00,am,14,,10:27,10:47,L,R,disassortative,starch,cmy,CxS,0,NA,NA,NA,0:59:00,0:20:00,59,20
5/1/14,Canton s,1,matched,2,FC,9:36:00,am,1,,9:40,10:01,L,R,disassortative,starch,cmy,CxS,0,NA,NA,NA,0:04:00,0:21:00,4,21
5/1/14,Canton s,1,matched,2,FC,9:36:00,am,2,,9:40,10:00,L,R,disassortative,starch,cmy,CxS,0,NA,NA,NA,0:04:00,0:20:00,4,20
5/1/14,Canton s,1,matched,2,FC,9:36:00,am,4,,9:43,10:01,L,R,disassortative,starch,cmy,CxS,0,NA,NA,NA,0:07:00,0:18:00,7,18
5/1/14,Canton s,1,matched,2,FC,9:36:00,am,5,,9:44,10:01,L,R,disassortative,starch,cmy,CxS,0,NA,NA,NA,0:08:00,0:17:00,8,17
5/1/14,Canton s,1,matched,2,FC,9:36:00,am,7,,9:46,10:03,L,R,disassortative,starch,cmy,CxS,0,NA,NA,NA,0:10:00,0:17:00,10,17
5/1/14,Canton s,1,matched,2,FC,9:36:00,am,8,,9:47,10:05,L,R,disassortative,starch,cmy,CxS,0,NA,NA,NA,0:11:00,0:18:00,11,18
5/1/14,Canton s,1,matched,2,FC,9:36:00,am,10,,9:51,10:06,L,R,disassortative,starch,cmy,CxS,0,NA,NA,NA,0:15:00,0:15:00,15,15
5/1/14,Canton s,1,matched,2,FC,9:36:00,am,12,,9:55,10:19,L,R,disassortative,starch,cmy,CxS,0,NA,NA,NA,0:19:00,0:24:00,19,24
5/1/14,Canton s,1,matched,2,FC,9:36:00,am,13,,9:56,10:20,L,R,disassortative,starch,cmy,CxS,0,NA,NA,NA,0:20:00,0:24:00,20,24
5/1/14,Canton s,1,matched,2,FC,9:36:00,am,16,,10:01,10:26,L,R,disassortative,starch,cmy,CxS,0,NA,NA,NA,0:25:00,0:25:00,25,25
5/7/14,Canton s,2,matched,1,FC,9:13:00,am,1,,9:29,9:49,L,L,assortative,cmy,cmy,cmy,1,NA,NA,NA,0:16:00,0:20:00,16,20
5/7/14,Canton s,2,matched,1,FC,9:13:00,am,2,,9:30,9:47,L,L,assortative,cmy,cmy,cmy,1,NA,NA,NA,0:17:00,0:17:00,17,17
5/7/14,Canton s,2,matched,1,FC,9:13:00,am,4,,9:31,9:48,L,L,assortative,cmy,cmy,cmy,1,NA,NA,NA,0:18:00,0:17:00,18,17
5/7/14,Canton s,2,matched,1,FC,9:13:00,am,5,,9:33,9:58,L,L,assortative,cmy,cmy,cmy,1,NA,NA,NA,0:20:00,0:25:00,20,25
5/7/14,Canton s,2,matched,1,FC,9:13:00,am,6,,9:39,10:01,L,L,assortative,cmy,cmy,cmy,1,NA,NA,NA,0:26:00,0:22:00,26,22
5/7/14,Canton s,2,matched,1,FC,9:13:00,am,7,,9:40,10:00,L,L,assortative,cmy,cmy,cmy,1,NA,NA,NA,0:27:00,0:20:00,27,20
5/7/14,Canton s,2,matched,1,FC,9:13:00,am,9,,9:46,10:02,L,L,assortative,cmy,cmy,cmy,1,NA,NA,NA,0:33:00,0:16:00,33,16
5/7/14,Canton s,2,matched,1,FC,9:13:00,am,10,,9:46,10:05,L,L,assortative,cmy,cmy,cmy,1,NA,NA,NA,0:33:00,0:19:00,33,19
5/7/14,Canton s,2,matched,1,FC,9:13:00,am,11,,9:47,10:03,L,L,assortative,cmy,cmy,cmy,1,NA,NA,NA,0:34:00,0:16:00,34,16
5/7/14,Canton s,2,matched,1,FC,9:13:00,am,12,,10:00,10:17,L,L,assortative,cmy,cmy,cmy,1,NA,NA,NA,0:47:00,0:17:00,47,17
5/7/14,Canton s,2,matched,1,FC,9:13:00,am,14,,10:10,10:30,L,L,assortative,cmy,cmy,cmy,1,NA,NA,NA,0:57:00,0:20:00,57,20
5/7/14,Canton s,2,matched,2,FC,9:20:00,am,2,,9:32,9:56,L,L,assortative,cmy,cmy,cmy,1,NA,NA,NA,0:12:00,0:24:00,12,24
5/7/14,Canton s,2,matched,2,FC,9:20:00,am,3,,9:36,9:54,L,L,assortative,cmy,cmy,cmy,1,NA,NA,NA,0:16:00,0:18:00,16,18
5/7/14,Canton s,2,matched,2,FC,9:20:00,am,4,,9:36,9:56,L,L,assortative,cmy,cmy,cmy,1,NA,NA,NA,0:16:00,0:20:00,16,20
5/7/14,Canton s,2,matched,2,FC,9:20:00,am,5,,9:36,9:56,L,L,assortative,cmy,cmy,cmy,1,NA,NA,NA,0:16:00,0:20:00,16,20
5/7/14,Canton s,2,matched,2,FC,9:20:00,am,6,,9:36,9:59,L,L,assortative,cmy,cmy,cmy,1,NA,NA,NA,0:16:00,0:23:00,16,23
5/7/14,Canton s,2,matched,2,FC,9:20:00,am,11,,9:45,10:05,L,L,assortative,cmy,cmy,cmy,1,NA,NA,NA,0:25:00,0:20:00,25,20
5/7/14,Canton s,2,matched,2,FC,9:20:00,am,13,,9:52,10:11,L,L,assortative,cmy,cmy,cmy,1,NA,NA,NA,0:32:00,0:19:00,32,19
5/7/14,Canton s,2,matched,2,FC,9:20:00,am,14,,9:53,10:11,L,L,assortative,cmy,cmy,cmy,1,NA,NA,NA,0:33:00,0:18:00,33,18
5/7/14,Canton s,2,matched,2,FC,9:20:00,am,17,,10:09,10:28,L,L,assortative,cmy,cmy,cmy,1,NA,NA,NA,0:49:00,0:19:00,49,19
5/7/14,Canton s,2,matched,1,FC,9:13:00,am,3,,9:31,9:47,R,L,disassortative,starch,cmy,CxS,0,NA,NA,NA,0:18:00,0:16:00,18,16
5/7/14,Canton s,2,matched,1,FC,9:13:00,am,8,,9:44,10:02,R,L,disassortative,starch,cmy,CxS,0,NA,NA,NA,0:31:00,0:18:00,31,18
5/7/14,Canton s,2,matched,1,FC,9:13:00,am,13,,10:01,10:24,R,L,disassortative,starch,cmy,CxS,0,NA,NA,NA,0:48:00,0:23:00,48,23
5/7/14,Canton s,2,matched,2,FC,9:20:00,am,1,,9:30,9:45,R,L,disassortative,starch,cmy,CxS,0,NA,NA,NA,0:10:00,0:15:00,10,15
5/7/14,Canton s,2,matched,2,FC,9:20:00,am,7,,9:36,9:59,R,L,disassortative,starch,cmy,CxS,0,NA,NA,NA,0:16:00,0:23:00,16,23
5/7/14,Canton s,2,matched,2,FC,9:20:00,am,8,,9:42,10:00,R,L,disassortative,starch,cmy,CxS,0,NA,NA,NA,0:22:00,0:18:00,22,18
5/7/14,Canton s,2,matched,2,FC,9:20:00,am,9,,9:43,10:03,R,L,disassortative,starch,cmy,CxS,0,NA,NA,NA,0:23:00,0:20:00,23,20
5/7/14,Canton s,2,matched,2,FC,9:20:00,am,10,,9:45,9:59,R,L,disassortative,starch,cmy,CxS,0,NA,NA,NA,0:25:00,0:14:00,25,14
5/7/14,Canton s,2,matched,2,FC,9:20:00,am,12,,9:49,10:09,R,L,disassortative,starch,cmy,CxS,0,NA,NA,NA,0:29:00,0:20:00,29,20
5/7/14,Canton s,2,matched,2,FC,9:20:00,am,15,,9:54,10:14,R,L,disassortative,starch,cmy,CxS,0,NA,NA,NA,0:34:00,0:20:00,34,20
5/7/14,Canton s,2,matched,2,FC,9:20:00,am,16,,10:07,10:26,R,L,disassortative,starch,cmy,CxS,0,NA,NA,NA,0:47:00,0:19:00,47,19
5/15/14,Canton s,2,matched,1,FC,9:06:00,am,3,,9:24,9:46,R,R,assortative,cmy,cmy,cmy,1,NA,NA,NA,0:18:00,0:22:00,18,22
5/15/14,Canton s,2,matched,1,FC,9:06:00,am,5,,9:30,9:51,R,R,assortative,cmy,cmy,cmy,1,NA,NA,NA,0:24:00,0:21:00,24,21
5/15/14,Canton s,2,matched,1,FC,9:06:00,am,6,,9:38,9:59,R,R,assortative,cmy,cmy,cmy,1,NA,NA,NA,0:32:00,0:21:00,32,21
5/15/14,Canton s,2,matched,1,FC,9:06:00,am,7,,9:46,10:01,R,R,assortative,cmy,cmy,cmy,1,NA,NA,NA,0:40:00,0:15:00,40,15
5/15/14,Canton s,2,matched,2,FC,9:06:00,am,3,,9:14,9:32,R,R,assortative,cmy,cmy,cmy,1,NA,NA,NA,0:08:00,0:18:00,8,18
5/15/14,Canton s,2,matched,2,FC,9:06:00,am,4,,9:18,9:32,R,R,assortative,cmy,cmy,cmy,1,NA,NA,NA,0:12:00,0:14:00,12,14
5/15/14,Canton s,2,matched,2,FC,9:06:00,am,7,,9:20,9:38,R,R,assortative,cmy,cmy,cmy,1,NA,NA,NA,0:14:00,0:18:00,14,18
5/15/14,Canton s,2,matched,2,FC,9:06:00,am,8,,9:22,9:38,R,R,assortative,cmy,cmy,cmy,1,NA,NA,NA,0:16:00,0:16:00,16,16
5/15/14,Canton s,2,matched,2,FC,9:06:00,am,9,,9:32,9:49,R,R,assortative,cmy,cmy,cmy,1,NA,NA,NA,0:26:00,0:17:00,26,17
5/15/14,Canton s,2,matched,2,FC,9:06:00,am,11,,9:43,10:04,R,R,assortative,cmy,cmy,cmy,1,NA,NA,NA,0:37:00,0:21:00,37,21
5/15/14,Canton s,2,matched,2,FC,9:06:00,am,14,,10:01,10:14,R,R,assortative,cmy,cmy,cmy,1,NA,NA,NA,0:55:00,0:13:00,55,13
5/15/14,Canton s,2,matched,1,FC,9:06:00,am,1,,9:18,9:41,L,R,disassortative,starch,cmy,CxS,0,NA,NA,NA,0:12:00,0:23:00,12,23
5/15/14,Canton s,2,matched,1,FC,9:06:00,am,2,,9:21,9:41,L,R,disassortative,starch,cmy,CxS,0,NA,NA,NA,0:15:00,0:20:00,15,20
5/15/14,Canton s,2,matched,1,FC,9:06:00,am,4,,9:27,9:45,L,R,disassortative,starch,cmy,CxS,0,NA,NA,NA,0:21:00,0:18:00,21,18
5/15/14,Canton s,2,matched,1,FC,9:06:00,am,8,,9:59,10:13,L,R,disassortative,starch,cmy,CxS,0,NA,NA,NA,0:53:00,0:14:00,53,14
5/15/14,Canton s,2,matched,2,FC,9:06:00,am,1,,9:14,9:31,L,R,disassortative,starch,cmy,CxS,0,NA,NA,NA,0:08:00,0:17:00,8,17
5/15/14,Canton s,2,matched,2,FC,9:06:00,am,2,,9:14,9:33,L,R,disassortative,starch,cmy,CxS,0,NA,NA,NA,0:08:00,0:19:00,8,19
5/15/14,Canton s,2,matched,2,FC,9:06:00,am,5,,9:19,9:36,L,R,disassortative,starch,cmy,CxS,0,NA,NA,NA,0:13:00,0:17:00,13,17
5/15/14,Canton s,2,matched,2,FC,9:06:00,am,6,,9:20,9:41,L,R,disassortative,starch,cmy,CxS,0,NA,NA,NA,0:14:00,0:21:00,14,21
5/15/14,Canton s,2,matched,2,FC,9:06:00,am,10,,9:35,9:56,L,R,disassortative,starch,cmy,CxS,0,NA,NA,NA,0:29:00,0:21:00,29,21
5/15/14,Canton s,2,matched,2,FC,9:06:00,am,12,,9:51,10:10,L,R,disassortative,starch,cmy,CxS,0,NA,NA,NA,0:45:00,0:19:00,45,19
5/15/14,Canton s,2,matched,2,FC,9:06:00,am,13,,9:54,10:16,L,R,disassortative,starch,cmy,CxS,0,NA,NA,NA,0:48:00,0:22:00,48,22
5/22/14,Canton s,1,matched,1,FC,9:31:00,am,1,,9:45,10:03,L,L,assortative,cmy,cmy,cmy,1,NA,NA,NA,0:14:00,0:18:00,14,18
5/22/14,Canton s,1,matched,1,FC,9:31:00,am,3,,9:48,10:05,L,L,assortative,cmy,cmy,cmy,1,NA,NA,NA,0:17:00,0:17:00,17,17
5/22/14,Canton s,1,matched,1,FC,9:31:00,am,5,,10:05,10:29,L,L,assortative,cmy,cmy,cmy,1,NA,NA,NA,0:34:00,0:24:00,34,24
5/22/14,Canton s,1,matched,1,FC,9:31:00,am,6,,10:11,10:36,L,L,assortative,cmy,cmy,cmy,1,NA,NA,NA,0:40:00,0:25:00,40,25
5/22/14,Canton s,1,matched,1,FC,9:31:00,am,9,,10:18,10:41,L,L,assortative,cmy,cmy,cmy,1,NA,NA,NA,0:47:00,0:23:00,47,23
5/22/14,Canton s,1,matched,1,FC,9:31:00,am,10,,10:21,10:46,L,L,assortative,cmy,cmy,cmy,1,NA,NA,NA,0:50:00,0:25:00,50,25
5/22/14,Canton s,1,matched,1,FC,9:31:00,am,11,,10:24,10:43,L,L,assortative,cmy,cmy,cmy,1,NA,NA,NA,0:53:00,0:19:00,53,19
5/22/14,Canton s,1,matched,1,FC,9:31:00,am,12,,10:24,10:42,L,L,assortative,cmy,cmy,cmy,1,NA,NA,NA,0:53:00,0:18:00,53,18
5/22/14,Canton s,1,matched,1,FC,9:31:00,am,2,,9:47,10:03,R,L,disassortative,starch,cmy,CxS,0,NA,NA,NA,0:16:00,0:16:00,16,16
5/22/14,Canton s,1,matched,1,FC,9:31:00,am,4,,9:51,10:13,R,L,disassortative,starch,cmy,CxS,0,NA,NA,NA,0:20:00,0:22:00,20,22
5/22/14,Canton s,1,matched,1,FC,9:31:00,am,7,,10:11,10:30,R,L,disassortative,starch,cmy,CxS,0,NA,NA,NA,0:40:00,0:19:00,40,19
5/22/14,Canton s,1,matched,1,FC,9:31:00,am,8,,10:16,10:33,R,L,disassortative,starch,cmy,CxS,0,NA,NA,NA,0:45:00,0:17:00,45,17
5/28/14,Canton s,2,matched,1,FC,9:35:00,am,1,,9:35,9:51,R,R,assortative,cmy,cmy,cmy,1,NA,NA,NA,0:00:00,0:16:00,0,16
5/28/14,Canton s,2,matched,1,FC,9:35:00,am,3,,?,10:05,R,R,assortative,cmy,cmy,cmy,1,NA,NA,NA,#VALUE!,#VALUE!,#VALUE!,#VALUE!
5/28/14,Canton s,2,matched,1,FC,9:35:00,am,7,,9:48,10:10,R,R,assortative,cmy,cmy,cmy,1,NA,NA,NA,0:13:00,0:22:00,13,22
5/28/14,Canton s,2,matched,1,FC,9:35:00,am,9,,9:48,10:08,R,R,assortative,cmy,cmy,cmy,1,NA,NA,NA,0:13:00,0:20:00,13,20
5/28/14,Canton s,2,matched,1,FC,9:35:00,am,12,,9:50,10:09,R,R,assortative,cmy,cmy,cmy,1,NA,NA,NA,0:15:00,0:19:00,15,19
5/28/14,Canton s,2,matched,1,FC,9:35:00,am,13,,9:50,10:12,R,R,assortative,cmy,cmy,cmy,1,NA,NA,NA,0:15:00,0:22:00,15,22
5/28/14,Canton s,2,matched,1,FC,9:35:00,am,14,,9:52,10:09,R,R,assortative,cmy,cmy,cmy,1,NA,NA,NA,0:17:00,0:17:00,17,17
5/28/14,Canton s,2,matched,1,FC,9:35:00,am,16,,9:52,10:11,R,R,assortative,cmy,cmy,cmy,1,NA,NA,NA,0:17:00,0:19:00,17,19
5/28/14,Canton s,2,matched,1,FC,9:35:00,am,21,,10:09,10:26,R,R,assortative,cmy,cmy,cmy,1,NA,NA,NA,0:34:00,0:17:00,34,17
5/28/14,Canton s,2,matched,1,FC,9:35:00,am,22,,10:23,10:42,R,R,assortative,cmy,cmy,cmy,1,NA,NA,NA,0:48:00,0:19:00,48,19
5/28/14,Canton s,2,matched,1,FC,9:35:00,am,2,,9:40,10:04,L,R,disassortative,starch,cmy,CxS,0,NA,NA,NA,0:05:00,0:24:00,5,24
5/28/14,Canton s,2,matched,1,FC,9:35:00,am,4,,9:45,10:08,L,R,disassortative,starch,cmy,CxS,0,NA,NA,NA,0:10:00,0:23:00,10,23
5/28/14,Canton s,2,matched,1,FC,9:35:00,am,5,,9:46,10:04,L,R,disassortative,starch,cmy,CxS,0,NA,NA,NA,0:11:00,0:18:00,11,18
5/28/14,Canton s,2,matched,1,FC,9:35:00,am,6,,9:46,10:05,L,R,disassortative,starch,cmy,CxS,0,NA,NA,NA,0:11:00,0:19:00,11,19
5/28/14,Canton s,2,matched,1,FC,9:35:00,am,8,,9:48,10:12,L,R,disassortative,starch,cmy,CxS,0,NA,NA,NA,0:13:00,0:24:00,13,24
5/28/14,Canton s,2,matched,1,FC,9:35:00,am,10,,9:48,10:09,L,R,disassortative,starch,cmy,CxS,0,NA,NA,NA,0:13:00,0:21:00,13,21
5/28/14,Canton s,2,matched,1,FC,9:35:00,am,11,,9:48,10:09,L,R,disassortative,starch,cmy,CxS,0,NA,NA,NA,0:13:00,0:21:00,13,21
5/28/14,Canton s,2,matched,1,FC,9:35:00,am,15,,9:52,10:14,L,R,disassortative,starch,cmy,CxS,0,NA,NA,NA,0:17:00,0:22:00,17,22
5/28/14,Canton s,2,matched,1,FC,9:35:00,am,17,,9:54,10:14,L,R,disassortative,starch,cmy,CxS,0,NA,NA,NA,0:19:00,0:20:00,19,20
5/28/14,Canton s,2,matched,1,FC,9:35:00,am,18,,9:55,10:16,L,R,disassortative,starch,cmy,CxS,0,NA,NA,NA,0:20:00,0:21:00,20,21
5/28/14,Canton s,2,matched,1,FC,9:35:00,am,19,,9:59,10:14,L,R,disassortative,starch,cmy,CxS,0,NA,NA,NA,0:24:00,0:15:00,24,15
5/28/14,Canton s,2,matched,1,FC,9:35:00,am,20,,10:07,10:32,L,R,disassortative,starch,cmy,CxS,0,NA,NA,NA,0:32:00,0:25:00,32,25
6/5/14,Canton s,1,matched,1,FC,9:25:00,am,2,,9:35,9:51,L,L,assortative,cmy,cmy,cmy,1,NA,NA,NA,0:10:00,0:16:00,10,16
6/5/14,Canton s,1,matched,1,FC,9:25:00,am,3,,9:37,9:51,L,L,assortative,cmy,cmy,cmy,1,NA,NA,NA,0:12:00,0:14:00,12,14
6/5/14,Canton s,1,matched,1,FC,9:25:00,am,4,,9:41,10:02,L,L,assortative,cmy,cmy,cmy,1,NA,NA,NA,0:16:00,0:21:00,16,21
6/5/14,Canton s,1,matched,1,FC,9:25:00,am,5,,9:43,9:58,L,L,assortative,cmy,cmy,cmy,1,NA,NA,NA,0:18:00,0:15:00,18,15
6/5/14,Canton s,1,matched,1,FC,9:25:00,am,6,,9:46,9:54,L,L,assortative,cmy,cmy,cmy,1,NA,NA,NA,0:21:00,0:08:00,21,8
6/5/14,Canton s,1,matched,1,FC,9:25:00,am,7,,9:50,10:11,L,L,assortative,cmy,cmy,cmy,1,NA,NA,NA,0:25:00,0:21:00,25,21
6/5/14,Canton s,1,matched,1,FC,9:25:00,am,8,,9:50,10:10,L,L,assortative,cmy,cmy,cmy,1,NA,NA,NA,0:25:00,0:20:00,25,20
6/5/14,Canton s,1,matched,1,FC,9:25:00,am,9,,9:56,10:16,L,L,assortative,cmy,cmy,cmy,1,NA,NA,NA,0:31:00,0:20:00,31,20
6/5/14,Canton s,1,matched,1,FC,9:25:00,am,10,,9:56,10:12,L,L,assortative,cmy,cmy,cmy,1,NA,NA,NA,0:31:00,0:16:00,31,16
6/5/14,Canton s,1,matched,1,FC,9:25:00,am,12,,10:06,10:31,L,L,assortative,cmy,cmy,cmy,1,NA,NA,NA,0:41:00,0:25:00,41,25
6/5/14,Canton s,1,matched,1,FC,9:25:00,am,1,,9:34,9:53,R,L,disassortative,starch,cmy,CxS,0,NA,NA,NA,0:09:00,0:19:00,9,19
6/5/14,Canton s,1,matched,1,FC,9:25:00,am,11,,10:03,10:24,R,L,disassortative,starch,cmy,CxS,0,NA,NA,NA,0:38:00,0:21:00,38,21
4/17/14,Canton s,1,matched,7,FS,10:14:00,am,2,NA,10:22,10:45,L,L,assortative,starch,starch,starch,1,Michael,Michael,Michael,0:08:00,0:23:00,8,23
4/17/14,Canton s,1,matched,7,FS,10:14:00,am,3,NA,10:22,10:50,L,L,assortative,starch,starch,starch,1,Michael,Michael,Michael,0:08:00,0:28:00,8,28
4/17/14,Canton s,1,matched,7,FS,10:14:00,am,4,NA,NA,NA,L,L,assortative,starch,starch,starch,1,Michael,Michael,Michael,#VALUE!,#VALUE!,#VALUE!,#VALUE!
4/17/14,Canton s,1,matched,7,FS,10:14:00,am,7,NA,10:25,10:41,L,L,assortative,starch,starch,starch,1,Michael,Michael,Michael,0:11:00,0:16:00,11,16
4/17/14,Canton s,1,matched,7,FS,10:14:00,am,18,NA,10:44,11:08,L,L,assortative,starch,starch,starch,1,Michael,Michael,Michael,0:30:00,0:24:00,30,24
4/17/14,Canton s,1,matched,7,FS,10:14:00,am,19,NA,10:52,11:17,L,L,assortative,starch,starch,starch,1,Michael,Michael,Michael,0:38:00,0:25:00,38,25
4/17/14,Canton s,1,matched,8,FS,10:19:00,am,2,NA,10:25,10:48,L,L,assortative,starch,starch,starch,1,Michael,Michael,Michael,0:06:00,0:23:00,6,23
4/17/14,Canton s,1,matched,8,FS,10:19:00,am,3,NA,10:25,10:48,L,L,assortative,starch,starch,starch,1,Michael,Michael,Michael,0:06:00,0:23:00,6,23
4/17/14,Canton s,1,matched,8,FS,10:19:00,am,5,NA,10:29,10:55,L,L,assortative,starch,starch,starch,1,Michael,Michael,Michael,0:10:00,0:26:00,10,26
4/17/14,Canton s,1,matched,8,FS,10:19:00,am,6,NA,10:29,10:46,L,L,assortative,starch,starch,starch,1,Michael,Michael,Michael,0:10:00,0:17:00,10,17
4/17/14,Canton s,1,matched,8,FS,10:19:00,am,7,NA,10:29,10:48,L,L,assortative,starch,starch,starch,1,Michael,Michael,Michael,0:10:00,0:19:00,10,19
4/17/14,Canton s,1,matched,8,FS,10:19:00,am,9,NA,10:29,10:48,L,L,assortative,starch,starch,starch,1,Michael,Michael,Michael,0:10:00,0:19:00,10,19
4/17/14,Canton s,1,matched,8,FS,10:19:00,am,10,NA,10:31,10:51,L,L,assortative,starch,starch,starch,1,Michael,Michael,Michael,0:12:00,0:20:00,12,20
4/17/14,Canton s,1,matched,8,FS,10:19:00,am,12,NA,10:35,10:55,L,L,assortative,starch,starch,starch,1,Michael,Michael,Michael,0:16:00,0:20:00,16,20
4/17/14,Canton s,1,matched,8,FS,10:19:00,am,13,NA,10:35,10:57,L,L,assortative,starch,starch,starch,1,Michael,Michael,Michael,0:16:00,0:22:00,16,22
4/17/14,Canton s,1,matched,8,FS,10:19:00,am,14,NA,10:36,10:49,L,L,assortative,starch,starch,starch,1,Michael,Michael,Michael,0:17:00,0:13:00,17,13
4/17/14,Canton s,1,matched,8,FS,10:19:00,am,15,NA,10:33,10:54,L,L,assortative,starch,starch,starch,1,Michael,Michael,Michael,0:14:00,0:21:00,14,21
4/17/14,Canton s,1,matched,8,FS,10:19:00,am,17,NA,10:37,11:04,L,L,assortative,starch,starch,starch,1,Michael,Michael,Michael,0:18:00,0:27:00,18,27
4/17/14,Canton s,1,matched,8,FS,10:19:00,am,18,NA,10:39,11:05,L,L,assortative,starch,starch,starch,1,Michael,Michael,Michael,0:20:00,0:26:00,20,26
4/17/14,Canton s,1,matched,8,FS,10:19:00,am,19,NA,10:39,11:02,L,L,assortative,starch,starch,starch,1,Michael,Michael,Michael,0:20:00,0:23:00,20,23
4/17/14,Canton s,1,matched,8,FS,10:19:00,am,21,NA,10:45,11:07,L,L,assortative,starch,starch,starch,1,Michael,Michael,Michael,0:26:00,0:22:00,26,22
4/17/14,Canton s,1,matched,7,FS,10:14:00,am,17,NA,10:38,10:59,L,L,assortative,starch,starch,starch,1,Michael,Michael,Michael,0:24:00,0:21:00,24,21
4/17/14,Canton s,1,matched,7,FS,10:14:00,am,1,NA,10:21,10:39,R,L,disassortative,cmy,starch,SxC,0,Michael,Michael,Michael,0:07:00,0:18:00,7,18
4/17/14,Canton s,1,matched,7,FS,10:14:00,am,5,NA,NA,NA,R,L,disassortative,cmy,starch,SxC,0,Michael,Michael,Michael,#VALUE!,#VALUE!,#VALUE!,#VALUE!
4/17/14,Canton s,1,matched,7,FS,10:14:00,am,6,NA,NA,NA,R,L,disassortative,cmy,starch,SxC,0,Michael,Michael,Michael,#VALUE!,#VALUE!,#VALUE!,#VALUE!
4/17/14,Canton s,1,matched,7,FS,10:14:00,am,8,NA,10:26,10:50,R,L,disassortative,cmy,starch,SxC,0,Michael,Michael,Michael,0:12:00,0:24:00,12,24
4/17/14,Canton s,1,matched,7,FS,10:14:00,am,9,NA,10:26,10:47,R,L,disassortative,cmy,starch,SxC,0,Michael,Michael,Michael,0:12:00,0:21:00,12,21
4/17/14,Canton s,1,matched,7,FS,10:14:00,am,10,NA,NA,10:51,R,L,disassortative,cmy,starch,SxC,0,Michael,Michael,Michael,#VALUE!,#VALUE!,#VALUE!,#VALUE!
4/17/14,Canton s,1,matched,7,FS,10:14:00,am,11,NA,10:31,10:56,R,L,disassortative,cmy,starch,SxC,0,Michael,Michael,Michael,0:17:00,0:25:00,17,25
4/17/14,Canton s,1,matched,7,FS,10:14:00,am,12,NA,10:31,10:49,R,L,disassortative,cmy,starch,SxC,0,Michael,Michael,Michael,0:17:00,0:18:00,17,18
4/17/14,Canton s,1,matched,7,FS,10:14:00,am,13,NA,10:34,10:51,R,L,disassortative,cmy,starch,SxC,0,Michael,Michael,Michael,0:20:00,0:17:00,20,17
4/17/14,Canton s,1,matched,7,FS,10:14:00,am,14,NA,10:34,10:56,R,L,disassortative,cmy,starch,SxC,0,Michael,Michael,Michael,0:20:00,0:22:00,20,22
4/17/14,Canton s,1,matched,7,FS,10:14:00,am,15,NA,10:36,10:53,R,L,disassortative,cmy,starch,SxC,0,Michael,Michael,Michael,0:22:00,0:17:00,22,17
4/17/14,Canton s,1,matched,7,FS,10:14:00,am,16,NA,10:37,10:59,R,L,disassortative,cmy,starch,SxC,0,Michael,Michael,Michael,0:23:00,0:22:00,23,22
4/17/14,Canton s,1,matched,7,FS,10:14:00,am,20,NA,10:55,14:07,R,L,disassortative,cmy,starch,SxC,0,Michael,Michael,Michael,0:41:00,3:12:00,41,12
4/17/14,Canton s,1,matched,7,FS,10:14:00,am,21,NA,11:13,11:35,R,L,disassortative,cmy,starch,SxC,0,Michael,Michael,Michael,0:59:00,0:22:00,59,22
4/17/14,Canton s,1,matched,8,FS,10:19:00,am,1,NA,10:25,10:45,R,L,disassortative,cmy,starch,SxC,0,Michael,Michael,Michael,0:06:00,0:20:00,6,20
4/17/14,Canton s,1,matched,8,FS,10:19:00,am,4,NA,10:25,10:45,R,L,disassortative,cmy,starch,SxC,0,Michael,Michael,Michael,0:06:00,0:20:00,6,20
4/17/14,Canton s,1,matched,8,FS,10:19:00,am,8,NA,10:29,10:53,R,L,disassortative,cmy,starch,SxC,0,Michael,Michael,Michael,0:10:00,0:24:00,10,24
4/17/14,Canton s,1,matched,8,FS,10:19:00,am,11,NA,10:32,10:58,R,L,disassortative,cmy,starch,SxC,0,Michael,Michael,Michael,0:13:00,0:26:00,13,26
4/17/14,Canton s,1,matched,8,FS,10:19:00,am,16,NA,10:37,10:58,R,L,disassortative,cmy,starch,SxC,0,Michael,Michael,Michael,0:18:00,0:21:00,18,21
4/17/14,Canton s,1,matched,8,FS,10:19:00,am,20,NA,10:43,11:04,R,L,disassortative,cmy,starch,SxC,0,Michael,Michael,Michael,0:24:00,0:21:00,24,21
4/17/14,Canton s,1,matched,8,FS,10:19:00,am,22,NA,10:48,11:03,R,L,disassortative,cmy,starch,SxC,0,Michael,Michael,Michael,0:29:00,0:15:00,29,15
4/17/14,Canton s,1,matched,8,FS,10:19:00,am,23,NA,10:57,11:20,R,L,disassortative,cmy,starch,SxC,0,Michael,Michael,Michael,0:38:00,0:23:00,38,23
4/24/14,Canton s,2,matched,3,FS,9:43:00,am,1,C1,9:53,10:11,R,R,assortative,starch,starch,starch,1,NA,NA,NA,0:10:00,0:18:00,10,18
4/24/14,Canton s,2,matched,3,FS,9:43:00,am,2,C2,9:55,10:09,R,R,assortative,starch,starch,starch,1,NA,NA,NA,0:12:00,0:14:00,12,14
4/24/14,Canton s,2,matched,3,FS,9:43:00,am,3,B5,9:56,10:09,R,R,assortative,starch,starch,starch,1,NA,NA,NA,0:13:00,0:13:00,13,13
4/24/14,Canton s,2,matched,3,FS,9:43:00,am,5,A4 OR A5,9:59,10:19,R,R,assortative,starch,starch,starch,1,NA,NA,NA,0:16:00,0:20:00,16,20
4/24/14,Canton s,2,matched,3,FS,9:43:00,am,7,C5,10:03,10:19,R,R,assortative,starch,starch,starch,1,NA,NA,NA,0:20:00,0:16:00,20,16
4/24/14,Canton s,2,matched,3,FS,9:43:00,am,11,B3,10:15,10:33,R,R,assortative,starch,starch,starch,1,NA,NA,NA,0:32:00,0:18:00,32,18
4/24/14,Canton s,2,matched,3,FS,9:43:00,am,15,A4 OR A5,10:21,10:37,R,R,assortative,starch,starch,starch,1,NA,NA,NA,0:38:00,0:16:00,38,16
4/24/14,Canton s,2,matched,3,FS,9:43:00,am,18,B4,10:39,11:00,R,R,assortative,starch,starch,starch,1,NA,NA,NA,0:56:00,0:21:00,56,21
4/24/14,Canton s,2,matched,8,FS,9:48:00,am,4,A5,10:17,10:32,R,R,assortative,starch,starch,starch,1,NA,NA,Michael,0:29:00,0:15:00,29,15
4/24/14,Canton s,2,matched,3,FS,9:43:00,am,4,D1,9:56,10:17,L,R,disassortative,cmy,starch,SxC,0,NA,NA,NA,0:13:00,0:21:00,13,21
4/24/14,Canton s,2,matched,3,FS,9:43:00,am,6,A1,10:01,10:23,L,R,disassortative,cmy,starch,SxC,0,NA,NA,NA,0:18:00,0:22:00,18,22
4/24/14,Canton s,2,matched,3,FS,9:43:00,am,8,C4,10:05,10:25,L,R,disassortative,cmy,starch,SxC,0,NA,NA,NA,0:22:00,0:20:00,22,20
4/24/14,Canton s,2,matched,3,FS,9:43:00,am,9,A6,10:08,10:31,L,R,disassortative,cmy,starch,SxC,0,NA,NA,NA,0:25:00,0:23:00,25,23
4/24/14,Canton s,2,matched,3,FS,9:43:00,am,10,D2,10:11,10:31,L,R,disassortative,cmy,starch,SxC,0,NA,NA,NA,0:28:00,0:20:00,28,20
4/24/14,Canton s,2,matched,3,FS,9:43:00,am,12,B2,10:17,10:34,L,R,disassortative,cmy,starch,SxC,0,NA,NA,NA,0:34:00,0:17:00,34,17
4/24/14,Canton s,2,matched,3,FS,9:43:00,am,13,D4,10:20,10:40,L,R,disassortative,cmy,starch,SxC,0,NA,NA,NA,0:37:00,0:20:00,37,20
4/24/14,Canton s,2,matched,3,FS,9:43:00,am,14,C6,10:20,10:39,L,R,disassortative,cmy,starch,SxC,0,NA,NA,NA,0:37:00,0:19:00,37,19
4/24/14,Canton s,2,matched,3,FS,9:43:00,am,16,D3,10:22,10:37,L,R,disassortative,cmy,starch,SxC,0,NA,NA,NA,0:39:00,0:15:00,39,15
4/24/14,Canton s,2,matched,3,FS,9:43:00,am,17,A3,10:33,10:54,L,R,disassortative,cmy,starch,SxC,0,NA,NA,NA,0:50:00,0:21:00,50,21
4/24/14,Canton s,2,matched,8,FS,9:48:00,am,1,A6,10:04,10:22,L,R,disassortative,cmy,starch,SxC,0,NA,NA,Michael,0:16:00,0:18:00,16,18
4/24/14,Canton s,2,matched,8,FS,9:48:00,am,2,A4,10:04,10:32,L,R,disassortative,cmy,starch,SxC,0,NA,NA,Michael,0:16:00,0:28:00,16,28
4/24/14,Canton s,2,matched,8,FS,9:48:00,am,3,B3,10:14,10:32,L,R,disassortative,cmy,starch,SxC,0,NA,NA,Michael,0:26:00,0:18:00,26,18
4/24/14,Canton s,2,matched,8,FS,9:48:00,am,5,A3,10:22,10:43,L,R,disassortative,cmy,starch,SxC,0,NA,NA,Michael,0:34:00,0:21:00,34,21
4/24/14,Canton s,1,matched,8,FS,9:48:00,am,7,B2,10:30,10:48,L,R,disassortative,cmy,starch,SxC,0,NA,NA,Michael,0:42:00,0:18:00,42,18
4/24/14,Canton s,1,matched,8,FS,9:48:00,am,8,A2,10:43,10:46,L,R,disassortative,cmy,starch,SxC,0,NA,NA,Michael,0:55:00,0:03:00,55,3
4/24/14,Canton s,2,matched,8,FS,9:48:00,am,6,B1,10:30,10:43,NA,R,NA,NA,starch,NA,NA,NA,NA,Michael,0:42:00,0:13:00,42,13
5/1/14,Canton s,1,matched,7,FS,9:37:00,am,13,,10:07,10:25,L,L,assortative,starch,starch,starch,1,NA,NA,NA,0:30:00,0:18:00,30,18
5/1/14,Canton s,1,matched,8,FS,9:43:00,am,1,,9:47,10:06,L,L,assortative,starch,starch,starch,1,NA,NA,NA,0:04:00,0:19:00,4,19
5/1/14,Canton s,1,matched,8,FS,9:43:00,am,2,,9:48,10:08,L,L,assortative,starch,starch,starch,1,NA,NA,NA,0:05:00,0:20:00,5,20
5/1/14,Canton s,1,matched,8,FS,9:43:00,am,5,,9:50,10:04,L,L,assortative,starch,starch,starch,1,NA,NA,NA,0:07:00,0:14:00,7,14
5/1/14,Canton s,1,matched,8,FS,9:43:00,am,8,,9:53,10:15,L,L,assortative,starch,starch,starch,1,NA,NA,NA,0:10:00,0:22:00,10,22
5/1/14,Canton s,1,matched,8,FS,9:43:00,am,9,,9:54,10:09,L,L,assortative,starch,starch,starch,1,NA,NA,NA,0:11:00,0:15:00,11,15
5/1/14,Canton s,2,matched,8,FS,9:43:00,am,14,,10:10,10:24,L,L,assortative,starch,starch,starch,1,NA,NA,NA,0:27:00,0:14:00,27,14
5/1/14,Canton s,1,matched,7,FS,9:37:00,am,3,,9:48,10:09,R,L,disassortative,cmy,starch,SxC,0,NA,NA,NA,0:11:00,0:21:00,11,21
5/1/14,Canton s,1,matched,7,FS,9:37:00,am,4,,9:55,10:11,R,L,disassortative,cmy,starch,SxC,0,NA,NA,NA,0:18:00,0:16:00,18,16
5/1/14,Canton s,1,matched,7,FS,9:37:00,am,5,,9:57,10:09,R,L,disassortative,cmy,starch,SxC,0,NA,NA,NA,0:20:00,0:12:00,20,12
5/1/14,Canton s,1,matched,7,FS,9:37:00,am,6,,9:58,10:21,R,L,disassortative,cmy,starch,SxC,0,NA,NA,NA,0:21:00,0:23:00,21,23
5/1/14,Canton s,1,matched,7,FS,9:37:00,am,7,,9:59,10:10,R,L,disassortative,cmy,starch,SxC,0,NA,NA,NA,0:22:00,0:11:00,22,11
5/1/14,Canton s,1,matched,7,FS,9:37:00,am,8,,9:59,10:12,R,L,disassortative,cmy,starch,SxC,0,NA,NA,NA,0:22:00,0:13:00,22,13
5/1/14,Canton s,1,matched,7,FS,9:37:00,am,9,,9:59,10:21,R,L,disassortative,cmy,starch,SxC,0,NA,NA,NA,0:22:00,0:22:00,22,22
5/1/14,Canton s,1,matched,7,FS,9:37:00,am,10,,9:59,10:13,R,L,disassortative,cmy,starch,SxC,0,NA,NA,NA,0:22:00,0:14:00,22,14
5/1/14,Canton s,1,matched,7,FS,9:37:00,am,11,,10:02,10:12,R,L,disassortative,cmy,starch,SxC,0,NA,NA,NA,0:25:00,0:10:00,25,10
5/1/14,Canton s,1,matched,7,FS,9:37:00,am,12,,10:02,10:22,R,L,disassortative,cmy,starch,SxC,0,NA,NA,NA,0:25:00,0:20:00,25,20
5/1/14,Canton s,1,matched,7,FS,9:37:00,am,14,,10:07,10:23,R,L,disassortative,cmy,starch,SxC,0,NA,NA,NA,0:30:00,0:16:00,30,16
5/1/14,Canton s,1,matched,7,FS,9:37:00,am,15,,10:09,10:26,R,L,disassortative,cmy,starch,SxC,0,NA,NA,NA,0:32:00,0:17:00,32,17
5/1/14,Canton s,1,matched,7,FS,9:37:00,am,16,,10:09,10:23,R,L,disassortative,cmy,starch,SxC,0,NA,NA,NA,0:32:00,0:14:00,32,14
5/1/14,Canton s,1,matched,7,FS,9:37:00,am,17,,10:12,10:42,R,L,disassortative,cmy,starch,SxC,0,NA,NA,NA,0:35:00,0:30:00,35,30
5/1/14,Canton s,1,matched,7,FS,9:37:00,am,18,,10:12,10:25,R,L,disassortative,cmy,starch,SxC,0,NA,NA,NA,0:35:00,0:13:00,35,13
5/1/14,Canton s,1,matched,7,FS,9:37:00,am,19,,10:31,10:45,R,L,disassortative,cmy,starch,SxC,0,NA,NA,NA,0:54:00,0:14:00,54,14
5/1/14,Canton s,1,matched,8,FS,9:43:00,am,3,,9:49,10:06,R,L,disassortative,cmy,starch,SxC,0,NA,NA,NA,0:06:00,0:17:00,6,17
5/1/14,Canton s,1,matched,8,FS,9:43:00,am,4,,9:49,10:09,R,L,disassortative,cmy,starch,SxC,0,NA,NA,NA,0:06:00,0:20:00,6,20
5/1/14,Canton s,1,matched,8,FS,9:43:00,am,6,,9:51,10:10,R,L,disassortative,cmy,starch,SxC,0,NA,NA,NA,0:08:00,0:19:00,8,19
5/1/14,Canton s,1,matched,8,FS,9:43:00,am,7,,9:52,10:07,R,L,disassortative,cmy,starch,SxC,0,NA,NA,NA,0:09:00,0:15:00,9,15
5/1/14,Canton s,1,matched,8,FS,9:43:00,am,10,,9:55,10:17,R,L,disassortative,cmy,starch,SxC,0,NA,NA,NA,0:12:00,0:22:00,12,22
5/1/14,Canton s,1,matched,8,FS,9:43:00,am,11,,9:56,10:18,R,L,disassortative,cmy,starch,SxC,0,NA,NA,NA,0:13:00,0:22:00,13,22
5/1/14,Canton s,1,matched,8,FS,9:43:00,am,12,,9:57,10:24,R,L,disassortative,cmy,starch,SxC,0,NA,NA,NA,0:14:00,0:27:00,14,27
5/1/14,Canton s,2,matched,8,FS,9:43:00,am,13,,10:00,10:24,R,L,disassortative,cmy,starch,SxC,0,NA,NA,NA,0:17:00,0:24:00,17,24
5/1/14,Canton s,1,matched,7,FS,9:37:00,am,2,,9:46,10:01,NA,L,NA,NA,starch,NA,NA,NA,NA,NA,0:09:00,0:15:00,9,15
5/1/14,Canton s,1,matched,7,FS,9:37:00,am,1,,NA,NA,NA,NA,NA,NA,NA,NA,NA,NA,NA,NA,#VALUE!,#VALUE!,#VALUE!,#VALUE!
5/7/14,Canton s,2,matched,7,FS,10:06:00,am,4,,10:24,10:42,R,R,assortative,starch,starch,starch,1,NA,NA,NA,0:18:00,0:18:00,18,18
5/7/14,Canton s,2,matched,7,FS,10:06:00,am,6,,10:26,10:42,R,R,assortative,starch,starch,starch,1,NA,NA,NA,0:20:00,0:16:00,20,16
5/7/14,Canton s,2,matched,7,FS,10:06:00,am,8,,10:32,10:44,R,R,assortative,starch,starch,starch,1,NA,NA,NA,0:26:00,0:12:00,26,12
5/7/14,Canton s,2,matched,7,FS,10:06:00,am,13,,10:40,10:53,R,R,assortative,starch,starch,starch,1,NA,NA,NA,0:34:00,0:13:00,34,13
5/7/14,Canton s,2,matched,8,FS,10:15:00,am,2,,10:21,10:42,R,R,assortative,starch,starch,starch,1,NA,NA,NA,0:06:00,0:21:00,6,21
5/7/14,Canton s,2,matched,8,FS,10:15:00,am,5,,10:28,10:45,R,R,assortative,starch,starch,starch,1,NA,NA,NA,0:13:00,0:17:00,13,17
5/7/14,Canton s,2,matched,8,FS,10:15:00,am,6,,10:32,10:45,R,R,assortative,starch,starch,starch,1,NA,NA,NA,0:17:00,0:13:00,17,13
5/7/14,Canton s,2,matched,8,FS,10:15:00,am,7,,10:35,10:47,R,R,assortative,starch,starch,starch,1,NA,NA,NA,0:20:00,0:12:00,20,12
5/7/14,Canton s,2,matched,8,FS,10:15:00,am,9,,10:37,10:48,R,R,assortative,starch,starch,starch,1,NA,NA,NA,0:22:00,0:11:00,22,11
5/7/14,Canton s,2,matched,8,FS,10:15:00,am,10,,10:37,10:40,R,R,assortative,starch,starch,starch,1,NA,NA,NA,0:22:00,0:03:00,22,3
5/7/14,Canton s,2,matched,8,FS,10:15:00,am,14,,10:48,10:58,R,R,assortative,starch,starch,starch,1,NA,NA,NA,0:33:00,0:10:00,33,10
5/7/14,Canton s,2,matched,8,FS,10:15:00,am,16,,10:49,NA,R,R,assortative,starch,starch,starch,1,NA,NA,NA,0:34:00,#VALUE!,34,#VALUE!
5/7/14,Canton s,2,matched,8,FS,10:15:00,am,17,,10:50,10:59,R,R,assortative,starch,starch,starch,1,NA,NA,NA,0:35:00,0:09:00,35,9
5/7/14,Canton s,2,matched,8,FS,10:15:00,am,18,,10:51,10:58,R,R,assortative,starch,starch,starch,1,NA,NA,NA,0:36:00,0:07:00,36,7
5/7/14,Canton s,2,matched,7,FS,10:06:00,am,1,,10:17,10:41,L,R,disassortative,cmy,starch,SxC,0,NA,NA,NA,0:11:00,0:24:00,11,24
5/7/14,Canton s,2,matched,7,FS,10:06:00,am,2,,10:19,10:41,L,R,disassortative,cmy,starch,SxC,0,NA,NA,NA,0:13:00,0:22:00,13,22
5/7/14,Canton s,2,matched,7,FS,10:06:00,am,3,,10:23,10:38,L,R,disassortative,cmy,starch,SxC,0,NA,NA,NA,0:17:00,0:15:00,17,15
5/7/14,Canton s,2,matched,7,FS,10:06:00,am,5,,10:25,10:42,L,R,disassortative,cmy,starch,SxC,0,NA,NA,NA,0:19:00,0:17:00,19,17
5/7/14,Canton s,2,matched,7,FS,10:06:00,am,7,,10:31,10:46,L,R,disassortative,cmy,starch,SxC,0,NA,NA,NA,0:25:00,0:15:00,25,15
5/7/14,Canton s,2,matched,7,FS,10:06:00,am,9,,10:39,10:54,L,R,disassortative,cmy,starch,SxC,0,NA,NA,NA,0:33:00,0:15:00,33,15
5/7/14,Canton s,2,matched,7,FS,10:06:00,am,10,,10:39,10:54,L,R,disassortative,cmy,starch,SxC,0,NA,NA,NA,0:33:00,0:15:00,33,15
5/7/14,Canton s,2,matched,7,FS,10:06:00,am,11,,10:39,10:52,L,R,disassortative,cmy,starch,SxC,0,NA,NA,NA,0:33:00,0:13:00,33,13
5/7/14,Canton s,2,matched,7,FS,10:06:00,am,12,,10:40,10:54,L,R,disassortative,cmy,starch,SxC,0,NA,NA,NA,0:34:00,0:14:00,34,14
5/7/14,Canton s,2,matched,7,FS,10:06:00,am,14,,10:44,10:54,L,R,disassortative,cmy,starch,SxC,0,NA,NA,NA,0:38:00,0:10:00,38,10
5/7/14,Canton s,2,matched,7,FS,10:06:00,am,15,,10:45,10:53,L,R,disassortative,cmy,starch,SxC,0,NA,NA,NA,0:39:00,0:08:00,39,8
5/7/14,Canton s,2,matched,7,FS,10:06:00,am,16,,10:45,10:53,L,R,disassortative,cmy,starch,SxC,0,NA,NA,NA,0:39:00,0:08:00,39,8
5/7/14,Canton s,2,matched,7,FS,10:06:00,am,17,,10:46,10:54,L,R,disassortative,cmy,starch,SxC,0,NA,NA,NA,0:40:00,0:08:00,40,8
5/7/14,Canton s,2,matched,8,FS,10:15:00,am,1,,10:19,10:40,L,R,disassortative,cmy,starch,SxC,0,NA,NA,NA,0:04:00,0:21:00,4,21
5/7/14,Canton s,2,matched,8,FS,10:15:00,am,3,,10:27,10:40,L,R,disassortative,cmy,starch,SxC,0,NA,NA,NA,0:12:00,0:13:00,12,13
5/7/14,Canton s,2,matched,8,FS,10:15:00,am,4,,10:27,10:42,L,R,disassortative,cmy,starch,SxC,0,NA,NA,NA,0:12:00,0:15:00,12,15
5/7/14,Canton s,2,matched,8,FS,10:15:00,am,8,,10:37,10:47,L,R,disassortative,cmy,starch,SxC,0,NA,NA,NA,0:22:00,0:10:00,22,10
5/7/14,Canton s,2,matched,8,FS,10:15:00,am,11,,10:38,10:50,L,R,disassortative,cmy,starch,SxC,0,NA,NA,NA,0:23:00,0:12:00,23,12
5/7/14,Canton s,2,matched,8,FS,10:15:00,am,12,,10:47,11:04,L,R,disassortative,cmy,starch,SxC,0,NA,NA,NA,0:32:00,0:17:00,32,17
5/7/14,Canton s,2,matched,8,FS,10:15:00,am,13,,10:47,11:04,L,R,disassortative,cmy,starch,SxC,0,NA,NA,NA,0:32:00,0:17:00,32,17
5/7/14,Canton s,2,matched,8,FS,10:15:00,am,15,,10:48,11:05,L,R,disassortative,cmy,starch,SxC,0,NA,NA,NA,0:33:00,0:17:00,33,17
5/7/14,Canton s,2,matched,8,FS,10:15:00,am,19,,NA,NA,NA,NA,NA,NA,NA,NA,NA,NA,NA,NA,#VALUE!,#VALUE!,#VALUE!,#VALUE!
5/15/14,Canton s,2,matched,7,FS,9:49:00,am,1,,9:54,10:12,L,L,assortative,starch,starch,starch,1,NA,NA,NA,0:05:00,0:18:00,5,18
5/15/14,Canton s,2,matched,7,FS,9:49:00,am,2,,9:56,10:14,L,L,assortative,starch,starch,starch,1,NA,NA,NA,0:07:00,0:18:00,7,18
5/15/14,Canton s,2,matched,7,FS,9:49:00,am,3,,9:57,10:18,L,L,assortative,starch,starch,starch,1,NA,NA,NA,0:08:00,0:21:00,8,21
5/15/14,Canton s,2,matched,7,FS,9:49:00,am,4,,10:02,10:14,L,L,assortative,starch,starch,starch,1,NA,NA,NA,0:13:00,0:12:00,13,12
5/15/14,Canton s,2,matched,7,FS,9:49:00,am,5,,10:04,10:26,L,L,assortative,starch,starch,starch,1,NA,NA,NA,0:15:00,0:22:00,15,22
5/15/14,Canton s,2,matched,7,FS,9:49:00,am,6,,10:09,10:30,L,L,assortative,starch,starch,starch,1,NA,NA,NA,0:20:00,0:21:00,20,21
5/15/14,Canton s,2,matched,7,FS,9:49:00,am,7,,10:29,10:36,L,L,assortative,starch,starch,starch,1,NA,NA,NA,0:40:00,0:07:00,40,7
5/15/14,Canton s,2,matched,7,FS,9:49:00,am,8,,10:31,10:48,L,L,assortative,starch,starch,starch,1,NA,NA,NA,0:42:00,0:17:00,42,17
5/15/14,Canton s,2,matched,7,FS,9:49:00,am,9,,10:34,10:52,L,L,assortative,starch,starch,starch,1,NA,NA,NA,0:45:00,0:18:00,45,18
5/15/14,Canton s,2,matched,7,FS,9:49:00,am,10,,10:35,10:59,L,L,assortative,starch,starch,starch,1,NA,NA,NA,0:46:00,0:24:00,46,24
5/15/14,Canton s,2,matched,7,FS,9:49:00,am,11,,10:43,10:59,L,L,assortative,starch,starch,starch,1,NA,NA,NA,0:54:00,0:16:00,54,16
5/15/14,Canton s,2,matched,8,FS,9:55:00,am,2,,10:03,10:18,L,L,assortative,starch,starch,starch,1,NA,NA,NA,0:08:00,0:15:00,8,15
5/15/14,Canton s,2,matched,8,FS,9:55:00,am,3,,10:04,10:23,L,L,assortative,starch,starch,starch,1,NA,NA,NA,0:09:00,0:19:00,9,19
5/15/14,Canton s,2,matched,8,FS,9:55:00,am,4,,10:04,10:26,L,L,assortative,starch,starch,starch,1,NA,NA,NA,0:09:00,0:22:00,9,22
5/15/14,Canton s,2,matched,8,FS,9:55:00,am,6,,10:08,10:26,L,L,assortative,starch,starch,starch,1,NA,NA,NA,0:13:00,0:18:00,13,18
5/15/14,Canton s,2,matched,8,FS,9:55:00,am,8,,10:14,10:37,L,L,assortative,starch,starch,starch,1,NA,NA,NA,0:19:00,0:23:00,19,23
5/15/14,Canton s,2,matched,8,FS,9:55:00,am,10,,10:28,10:45,L,L,assortative,starch,starch,starch,1,NA,NA,NA,0:33:00,0:17:00,33,17
5/15/14,Canton s,2,matched,8,FS,9:55:00,am,11,,10:34,10:53,L,L,assortative,starch,starch,starch,1,NA,NA,NA,0:39:00,0:19:00,39,19
5/15/14,Canton s,2,matched,8,FS,9:55:00,am,12,,10:36,11:06,L,L,assortative,starch,starch,starch,1,NA,NA,NA,0:41:00,0:30:00,41,30
5/15/14,Canton s,2,matched,8,FS,9:55:00,am,13,,10:48,11:04,L,L,assortative,starch,starch,starch,1,NA,NA,NA,0:53:00,0:16:00,53,16
5/15/14,Canton s,1,matched,8,FS,9:55:00,am,14,,10:48,11:06,L,L,assortative,starch,starch,starch,1,NA,NA,NA,0:53:00,0:18:00,53,18
5/15/14,Canton s,1,matched,8,FS,9:55:00,am,15,,10:52,11:07,L,L,assortative,starch,starch,starch,1,NA,NA,NA,0:57:00,0:15:00,57,15
5/15/14,Canton s,2,matched,7,FS,9:49:00,am,12,,10:46,11:05,R,L,disassortative,cmy,starch,SxC,0,NA,NA,NA,0:57:00,0:19:00,57,19
5/15/14,Canton s,2,matched,8,FS,9:55:00,am,1,,10:01,10:22,R,L,disassortative,cmy,starch,SxC,0,NA,NA,NA,0:06:00,0:21:00,6,21
5/15/14,Canton s,2,matched,8,FS,9:55:00,am,5,,10:06,10:26,R,L,disassortative,cmy,starch,SxC,0,NA,NA,NA,0:11:00,0:20:00,11,20
5/15/14,Canton s,2,matched,8,FS,9:55:00,am,7,,10:09,10:27,R,L,disassortative,cmy,starch,SxC,0,NA,NA,NA,0:14:00,0:18:00,14,18
5/15/14,Canton s,2,matched,8,FS,9:55:00,am,9,,10:19,10:38,R,L,disassortative,cmy,starch,SxC,0,NA,NA,NA,0:24:00,0:19:00,24,19
5/22/14,Canton s,1,matched,4,FS,9:33:00,am,3,,9:49,NA,R,R,assortative,starch,starch,starch,1,NA,NA,NA,0:16:00,#VALUE!,16,#VALUE!
5/22/14,Canton s,1,matched,4,FS,9:33:00,am,8,,10:07,10:21,R,R,assortative,starch,starch,starch,1,NA,NA,NA,0:34:00,0:14:00,34,14
5/22/14,Canton s,1,matched,4,FS,9:33:00,am,10,,10:17,10:41,R,R,assortative,starch,starch,starch,1,NA,NA,NA,0:44:00,0:24:00,44,24
5/22/14,Canton s,2,matched,4,FS,9:33:00,am,12,,10:30,10:49,R,R,assortative,starch,starch,starch,1,NA,NA,NA,0:57:00,0:19:00,57,19
5/22/14,Canton s,1,matched,4,FS,9:33:00,am,1,,9:39,?,L,R,disassortative,cmy,starch,SxC,0,NA,NA,NA,0:06:00,#VALUE!,6,#VALUE!
5/22/14,Canton s,1,matched,4,FS,9:33:00,am,2,,9:49,10:05,L,R,disassortative,cmy,starch,SxC,0,NA,NA,NA,0:16:00,0:16:00,16,16
5/22/14,Canton s,1,matched,4,FS,9:33:00,am,4,,9:49,10:11,L,R,disassortative,cmy,starch,SxC,0,NA,NA,NA,0:16:00,0:22:00,16,22
5/22/14,Canton s,1,matched,4,FS,9:33:00,am,5,,9:56,10:12,L,R,disassortative,cmy,starch,SxC,0,NA,NA,NA,0:23:00,0:16:00,23,16
5/22/14,Canton s,1,matched,4,FS,9:33:00,am,6,,9:58,10:17,L,R,disassortative,cmy,starch,SxC,0,NA,NA,NA,0:25:00,0:19:00,25,19
5/22/14,Canton s,1,matched,4,FS,9:33:00,am,7,,10:02,10:24,L,R,disassortative,cmy,starch,SxC,0,NA,NA,NA,0:29:00,0:22:00,29,22
5/22/14,Canton s,1,matched,4,FS,9:33:00,am,9,,10:09,10:32,L,R,disassortative,cmy,starch,SxC,0,NA,NA,NA,0:36:00,0:23:00,36,23
5/22/14,Canton s,2,matched,4,FS,9:33:00,am,11,,10:23,10:42,L,R,disassortative,cmy,starch,SxC,0,NA,NA,NA,0:50:00,0:19:00,50,19
5/28/14,Canton s,2,matched,4,FS,11:05:00,am,2,,11:17,11:38,L,L,assortative,starch,starch,starch,1,NA,NA,NA,0:12:00,0:21:00,12,21
5/28/14,Canton s,2,matched,4,FS,11:05:00,am,3,,11:17,11:38,L,L,assortative,starch,starch,starch,1,NA,NA,NA,0:12:00,0:21:00,12,21
5/28/14,Canton s,2,matched,4,FS,11:05:00,am,5,,11:18,11:35,L,L,assortative,starch,starch,starch,1,NA,NA,NA,0:13:00,0:17:00,13,17
5/28/14,Canton s,1,matched,4,FS,11:05:00,am,6,,11:20,11:38,L,L,assortative,starch,starch,starch,1,NA,NA,NA,0:15:00,0:18:00,15,18
5/28/14,Canton s,2,matched,4,FS,11:05:00,am,1,,11:13,11:35,R,L,disassortative,cmy,starch,SxC,0,NA,NA,NA,0:08:00,0:22:00,8,22
5/28/14,Canton s,2,matched,4,FS,11:05:00,am,4,,11:18,11:38,R,L,disassortative,cmy,starch,SxC,0,NA,NA,NA,0:13:00,0:20:00,13,20
5/28/14,Canton s,1,matched,4,FS,11:05:00,am,7,,11:35,11:54,R,L,disassortative,cmy,starch,SxC,0,NA,NA,NA,0:30:00,0:19:00,30,19
6/5/14,Canton s,1,matched,3,FS,9:13:00,am,1,,9:23,9:36,R,R,assortative,starch,starch,starch,1,NA,NA,NA,0:10:00,0:13:00,10,13
6/5/14,Canton s,1,matched,3,FS,9:13:00,am,3,,9:24,9:42,R,R,assortative,starch,starch,starch,1,NA,NA,NA,0:11:00,0:18:00,11,18
6/5/14,Canton s,1,matched,3,FS,9:13:00,am,4,,9:24,9:42,R,R,assortative,starch,starch,starch,1,NA,NA,NA,0:11:00,0:18:00,11,18
6/5/14,Canton s,1,matched,3,FS,9:13:00,am,8,,9:31,9:56,R,R,assortative,starch,starch,starch,1,NA,NA,NA,0:18:00,0:25:00,18,25
6/5/14,Canton s,1,matched,3,FS,9:13:00,am,9,,9:40,10:02,R,R,assortative,starch,starch,starch,1,NA,NA,NA,0:27:00,0:22:00,27,22
6/5/14,Canton s,1,matched,3,FS,9:13:00,am,12,,9:47,10:02,R,R,assortative,starch,starch,starch,1,NA,NA,NA,0:34:00,0:15:00,34,15
6/5/14,Canton s,1,matched,3,FS,9:13:00,am,15,,10:02,10:24,R,R,assortative,starch,starch,starch,1,NA,NA,NA,0:49:00,0:22:00,49,22
6/5/14,Canton s,1,matched,3,FS,9:13:00,am,2,,9:24,9:37,L,R,disassortative,cmy,starch,SxC,0,NA,NA,NA,0:11:00,0:13:00,11,13
6/5/14,Canton s,1,matched,3,FS,9:13:00,am,5,,9:27,9:44,L,R,disassortative,cmy,starch,SxC,0,NA,NA,NA,0:14:00,0:17:00,14,17
6/5/14,Canton s,1,matched,3,FS,9:13:00,am,6,,9:28,9:44,L,R,disassortative,cmy,starch,SxC,0,NA,NA,NA,0:15:00,0:16:00,15,16
6/5/14,Canton s,1,matched,3,FS,9:13:00,am,7,,9:29,9:52,L,R,disassortative,cmy,starch,SxC,0,NA,NA,NA,0:16:00,0:23:00,16,23
6/5/14,Canton s,1,matched,3,FS,9:13:00,am,10,,9:43,10:01,L,R,disassortative,cmy,starch,SxC,0,NA,NA,NA,0:30:00,0:18:00,30,18
6/5/14,Canton s,1,matched,3,FS,9:13:00,am,11,,9:44,10:01,L,R,disassortative,cmy,starch,SxC,0,NA,NA,NA,0:31:00,0:17:00,31,17
6/5/14,Canton s,1,matched,3,FS,9:13:00,am,13,,9:56,10:18,L,R,disassortative,cmy,starch,SxC,0,NA,NA,NA,0:43:00,0:22:00,43,22
6/5/14,Canton s,1,matched,3,FS,9:13:00,am,14,,10:00,10:18,L,R,disassortative,cmy,starch,SxC,0,NA,NA,NA,0:47:00,0:18:00,47,18
4/17/14,Canton s,1,matched,3,MC,9:29:00,am,1,NA,9:38,10:20,R,R,assortative,cmy,cmy,cmy,1,NA,NA,NA,0:09:00,0:42:00,9,42
4/17/14,Canton s,1,matched,3,MC,9:29:00,am,3,NA,9:46,10:10,R,R,assortative,cmy,cmy,cmy,1,NA,NA,NA,0:17:00,0:24:00,17,24
4/17/14,Canton s,1,matched,3,MC,9:29:00,am,4,NA,9:51,10:11,R,R,assortative,cmy,cmy,cmy,1,NA,NA,NA,0:22:00,0:20:00,22,20
4/17/14,Canton s,1,matched,3,MC,9:29:00,am,5,NA,9:54,10:11,R,R,assortative,cmy,cmy,cmy,1,NA,NA,NA,0:25:00,0:17:00,25,17
4/17/14,Canton s,1,matched,3,MC,9:29:00,am,7,NA,9:57,10:33,R,R,assortative,cmy,cmy,cmy,1,NA,NA,NA,0:28:00,0:36:00,28,36
4/17/14,Canton s,1,matched,3,MC,9:29:00,am,8,NA,9:58,10:12,R,R,assortative,cmy,cmy,cmy,1,NA,NA,NA,0:29:00,0:14:00,29,14
4/17/14,Canton s,1,matched,3,MC,9:29:00,am,10,NA,10:01,10:20,R,R,assortative,cmy,cmy,cmy,1,NA,NA,NA,0:32:00,0:19:00,32,19
4/17/14,Canton s,1,matched,3,MC,9:29:00,am,12,NA,10:04,10:13,R,R,assortative,cmy,cmy,cmy,1,NA,NA,NA,0:35:00,0:09:00,35,9
4/17/14,Canton s,1,matched,3,MC,9:29:00,am,13,NA,10:05,10:28,R,R,assortative,cmy,cmy,cmy,1,NA,NA,NA,0:36:00,0:23:00,36,23
4/17/14,Canton s,1,matched,3,MC,9:29:00,am,14,NA,10:08,10:28,R,R,assortative,cmy,cmy,cmy,1,NA,NA,NA,0:39:00,0:20:00,39,20
4/17/14,Canton s,1,matched,3,MC,9:29:00,am,15,NA,10:09,10:20,R,R,assortative,cmy,cmy,cmy,1,NA,NA,NA,0:40:00,0:11:00,40,11
4/17/14,Canton s,1,matched,3,MC,9:29:00,am,17,NA,10:18,10:34,R,R,assortative,cmy,cmy,cmy,1,NA,NA,NA,0:49:00,0:16:00,49,16
4/17/14,Canton s,1,matched,3,MC,9:29:00,am,18,NA,10:20,10:34,R,R,assortative,cmy,cmy,cmy,1,NA,NA,NA,0:51:00,0:14:00,51,14
4/17/14,Canton s,1,matched,4,MC,9:36:00,am,2,NA,9:46,10:24,R,R,assortative,cmy,cmy,cmy,1,NA,NA,NA,0:10:00,0:38:00,10,38
4/17/14,Canton s,1,matched,4,MC,9:36:00,am,3,NA,9:49,10:33,R,R,assortative,cmy,cmy,cmy,1,NA,NA,NA,0:13:00,0:44:00,13,44
4/17/14,Canton s,1,matched,4,MC,9:36:00,am,4,NA,9:51,10:15,R,R,assortative,cmy,cmy,cmy,1,NA,NA,NA,0:15:00,0:24:00,15,24
4/17/14,Canton s,1,matched,4,MC,9:36:00,am,8,NA,9:59,10:30,R,R,assortative,cmy,cmy,cmy,1,NA,NA,NA,0:23:00,0:31:00,23,31
4/17/14,Canton s,1,matched,4,MC,9:36:00,am,9,NA,10:02,10:18,R,R,assortative,cmy,cmy,cmy,1,NA,NA,NA,0:26:00,0:16:00,26,16
4/17/14,Canton s,1,matched,4,MC,9:36:00,am,11,NA,10:02,10:17,R,R,assortative,cmy,cmy,cmy,1,NA,NA,NA,0:26:00,0:15:00,26,15
4/17/14,Canton s,1,matched,4,MC,9:36:00,am,12,NA,10:12,10:32,R,R,assortative,cmy,cmy,cmy,1,NA,NA,NA,0:36:00,0:20:00,36,20
4/17/14,Canton s,1,matched,4,MC,9:36:00,am,15,NA,10:18,10:35,R,R,assortative,cmy,cmy,cmy,1,NA,NA,NA,0:42:00,0:17:00,42,17
4/17/14,Canton s,1,matched,4,MC,9:36:00,am,17,NA,10:25,10:33,R,R,assortative,cmy,cmy,cmy,1,NA,NA,NA,0:49:00,0:08:00,49,8
4/17/14,Canton s,1,matched,4,MC,9:36:00,am,18,NA,10:30,10:48,R,R,assortative,cmy,cmy,cmy,1,NA,NA,NA,0:54:00,0:18:00,54,18
4/17/14,Canton s,1,matched,3,MC,9:29:00,am,2,NA,9:42,10:25,R,L,disassortative,cmy,starch,SxC,0,NA,NA,NA,0:13:00,0:43:00,13,43
4/17/14,Canton s,1,matched,3,MC,9:29:00,am,6,NA,9:56,10:12,R,L,disassortative,cmy,starch,SxC,0,NA,NA,NA,0:27:00,0:16:00,27,16
4/17/14,Canton s,1,matched,3,MC,9:29:00,am,9,NA,10:01,10:13,R,L,disassortative,cmy,starch,SxC,0,NA,NA,NA,0:32:00,0:12:00,32,12
4/17/14,Canton s,1,matched,3,MC,9:29:00,am,11,NA,10:02,10:11,R,L,disassortative,cmy,starch,SxC,0,NA,NA,NA,0:33:00,0:09:00,33,9
4/17/14,Canton s,1,matched,3,MC,9:29:00,am,16,NA,10:15,10:31,R,L,disassortative,cmy,starch,SxC,0,NA,NA,NA,0:46:00,0:16:00,46,16
4/17/14,Canton s,1,matched,3,MC,9:29:00,am,19,NA,10:22,10:34,R,L,disassortative,cmy,starch,SxC,0,NA,NA,NA,0:53:00,0:12:00,53,12
4/17/14,Canton s,1,matched,4,MC,9:36:00,am,1,NA,9:43,10:11,R,L,disassortative,cmy,starch,SxC,0,NA,NA,NA,0:07:00,0:28:00,7,28
4/17/14,Canton s,1,matched,4,MC,9:36:00,am,5,NA,9:52,10:12,R,L,disassortative,cmy,starch,SxC,0,NA,NA,NA,0:16:00,0:20:00,16,20
4/17/14,Canton s,1,matched,4,MC,9:36:00,am,6,NA,9:56,10:11,R,L,disassortative,cmy,starch,SxC,0,NA,NA,NA,0:20:00,0:15:00,20,15
4/17/14,Canton s,1,matched,4,MC,9:36:00,am,7,NA,9:57,10:10,R,L,disassortative,cmy,starch,SxC,0,NA,NA,NA,0:21:00,0:13:00,21,13
4/17/14,Canton s,1,matched,4,MC,9:36:00,am,10,NA,10:02,10:17,R,L,disassortative,cmy,starch,SxC,0,NA,NA,NA,0:26:00,0:15:00,26,15
4/17/14,Canton s,1,matched,4,MC,9:36:00,am,13,NA,10:17,10:35,R,L,disassortative,cmy,starch,SxC,0,NA,NA,NA,0:41:00,0:18:00,41,18
4/17/14,Canton s,1,matched,4,MC,9:36:00,am,14,NA,10:17,10:33,R,L,disassortative,cmy,starch,SxC,0,NA,NA,NA,0:41:00,0:16:00,41,16
4/17/14,Canton s,1,matched,4,MC,9:36:00,am,16,NA,10:19,10:24,NA,NA,NA,NA,NA,NA,NA,NA,NA,NA,0:43:00,0:05:00,43,5
4/24/14,Canton s,2,matched,4,MC,10:10:00,am,1,A6,10:26,10:44,L,L,assortative,cmy,cmy,cmy,1,NA,NA,Michael,0:16:00,0:18:00,16,18
4/24/14,Canton s,2,matched,4,MC,10:10:00,am,2,A1,10:26,10:44,L,L,assortative,cmy,cmy,cmy,1,NA,NA,Michael,0:16:00,0:18:00,16,18
4/24/14,Canton s,2,matched,4,MC,10:10:00,am,3,A2,10:28,10:41,L,L,assortative,cmy,cmy,cmy,1,NA,NA,Michael,0:18:00,0:13:00,18,13
4/24/14,Canton s,2,matched,4,MC,10:10:00,am,4,A4,10:34,10:56,L,L,assortative,cmy,cmy,cmy,1,NA,NA,Michael,0:24:00,0:22:00,24,22
4/24/14,Canton s,2,matched,4,MC,10:10:00,am,5,A5,10:37,10:56,L,L,assortative,cmy,cmy,cmy,1,NA,NA,Michael,0:27:00,0:19:00,27,19
4/24/14,Canton s,2,matched,4,MC,10:10:00,am,6,A3,10:40,10:59,L,L,assortative,cmy,cmy,cmy,1,NA,NA,Michael,0:30:00,0:19:00,30,19
4/24/14,Canton s,2,matched,7,MC,10:06:00,am,1,B2,10:11,10:33,L,L,assortative,cmy,cmy,cmy,1,NA,NA,Michael,0:05:00,0:22:00,5,22
4/24/14,Canton s,2,matched,7,MC,10:06:00,am,2,A1,10:13,10:35,L,L,assortative,cmy,cmy,cmy,1,NA,NA,Michael,0:07:00,0:22:00,7,22
4/24/14,Canton s,2,matched,7,MC,10:06:00,am,3,D1,10:14,11:01,L,L,assortative,cmy,cmy,cmy,1,NA,NA,Michael,0:08:00,0:47:00,8,47
4/24/14,Canton s,2,matched,7,MC,10:06:00,am,4,A2,10:15,10:35,L,L,assortative,cmy,cmy,cmy,1,NA,NA,Michael,0:09:00,0:20:00,9,20
4/24/14,Canton s,2,matched,7,MC,10:06:00,am,6,D3,10:20,10:39,L,L,assortative,cmy,cmy,cmy,1,NA,NA,Michael,0:14:00,0:19:00,14,19
4/24/14,Canton s,2,matched,7,MC,10:06:00,am,7,D5,10:20,10:39,L,L,assortative,cmy,cmy,cmy,1,NA,NA,Michael,0:14:00,0:19:00,14,19
4/24/14,Canton s,2,matched,7,MC,10:06:00,am,9,B3,10:23,10:46,L,L,assortative,cmy,cmy,cmy,1,NA,NA,Michael,0:17:00,0:23:00,17,23
4/24/14,Canton s,2,matched,7,MC,10:06:00,am,12,C4,10:23,10:42,L,L,assortative,cmy,cmy,cmy,1,NA,NA,Michael,0:17:00,0:19:00,17,19
4/24/14,Canton s,2,matched,7,MC,10:06:00,am,14,A5,10:29,10:48,L,L,assortative,cmy,cmy,cmy,1,NA,NA,Michael,0:23:00,0:19:00,23,19
4/24/14,Canton s,2,matched,7,MC,10:06:00,am,15,A6,10:29,10:46,L,L,assortative,cmy,cmy,cmy,1,NA,NA,Michael,0:23:00,0:17:00,23,17
4/24/14,Canton s,2,matched,7,MC,10:06:00,am,16,B4,10:29,10:50,L,L,assortative,cmy,cmy,cmy,1,NA,NA,Michael,0:23:00,0:21:00,23,21
4/24/14,Canton s,2,matched,7,MC,10:06:00,am,18,A3,10:29,10:51,L,L,assortative,cmy,cmy,cmy,1,NA,NA,Michael,0:23:00,0:22:00,23,22
4/24/14,Canton s,2,matched,7,MC,10:06:00,am,19,C1,10:35,10:51,L,L,assortative,cmy,cmy,cmy,1,NA,NA,Michael,0:29:00,0:16:00,29,16
4/24/14,Canton s,2,matched,7,MC,10:06:00,am,20,D4,10:36,10:55,L,L,assortative,cmy,cmy,cmy,1,NA,NA,Michael,0:30:00,0:19:00,30,19
4/24/14,Canton s,2,matched,7,MC,10:06:00,am,5,C3,10:20,10:39,L,R,disassortative,cmy,starch,SxC,0,NA,NA,Michael,0:14:00,0:19:00,14,19
4/24/14,Canton s,2,matched,7,MC,10:06:00,am,8,C5,10:20,10:41,L,R,disassortative,cmy,starch,SxC,0,NA,NA,Michael,0:14:00,0:21:00,14,21
4/24/14,Canton s,2,matched,7,MC,10:06:00,am,10,B1,10:23,10:39,L,R,disassortative,cmy,starch,SxC,0,NA,NA,Michael,0:17:00,0:16:00,17,16
4/24/14,Canton s,2,matched,7,MC,10:06:00,am,11,C2,10:23,10:42,L,R,disassortative,cmy,starch,SxC,0,NA,NA,Michael,0:17:00,0:19:00,17,19
4/24/14,Canton s,2,matched,7,MC,10:06:00,am,13,D2,10:23,10:39,L,R,disassortative,cmy,starch,SxC,0,NA,NA,Michael,0:17:00,0:16:00,17,16
4/24/14,Canton s,2,matched,7,MC,10:06:00,am,17,B5,10:29,10:49,L,R,disassortative,cmy,starch,SxC,0,NA,NA,Michael,0:23:00,0:20:00,23,20
4/24/14,Canton s,2,matched,7,MC,10:06:00,am,21,A4,10:43,10:59,L,R,disassortative,cmy,starch,SxC,0,NA,NA,Michael,0:37:00,0:16:00,37,16
4/24/14,Canton s,2,matched,7,MC,10:06:00,am,22,B6,10:51,11:04,L,R,disassortative,cmy,starch,SxC,0,NA,NA,Michael,0:45:00,0:13:00,45,13
5/1/14,Canton s,1,matched,3,MC,9:50:00,am,2,,9:58,10:13,R,R,assortative,cmy,cmy,cmy,1,NA,NA,NA,0:08:00,0:15:00,8,15
5/1/14,Canton s,1,matched,3,MC,9:50:00,am,3,,9:59,10:13,R,R,assortative,cmy,cmy,cmy,1,NA,NA,NA,0:09:00,0:14:00,9,14
5/1/14,Canton s,1,matched,3,MC,9:50:00,am,4,,9:59,10:13,R,R,assortative,cmy,cmy,cmy,1,NA,NA,NA,0:09:00,0:14:00,9,14
5/1/14,Canton s,1,matched,3,MC,9:50:00,am,5,,9:59,10:16,R,R,assortative,cmy,cmy,cmy,1,NA,NA,NA,0:09:00,0:17:00,9,17
5/1/14,Canton s,1,matched,3,MC,9:50:00,am,8,,10:04,10:19,R,R,assortative,cmy,cmy,cmy,1,NA,NA,NA,0:14:00,0:15:00,14,15
5/1/14,Canton s,1,matched,3,MC,9:50:00,am,10,,10:05,10:18,R,R,assortative,cmy,cmy,cmy,1,NA,NA,NA,0:15:00,0:13:00,15,13
5/1/14,Canton s,1,matched,3,MC,9:50:00,am,12,,10:07,10:21,R,R,assortative,cmy,cmy,cmy,1,NA,NA,NA,0:17:00,0:14:00,17,14
5/1/14,Canton s,1,matched,3,MC,9:50:00,am,13,,10:11,10:21,R,R,assortative,cmy,cmy,cmy,1,NA,NA,NA,0:21:00,0:10:00,21,10
5/1/14,Canton s,1,matched,3,MC,9:50:00,am,1,,9:58,10:15,R,L,disassortative,cmy,starch,SxC,0,NA,NA,NA,0:08:00,0:17:00,8,17
5/1/14,Canton s,1,matched,3,MC,9:50:00,am,6,,10:02,10:14,R,L,disassortative,cmy,starch,SxC,0,NA,NA,NA,0:12:00,0:12:00,12,12
5/1/14,Canton s,1,matched,3,MC,9:50:00,am,7,,10:02,10:15,R,L,disassortative,cmy,starch,SxC,0,NA,NA,NA,0:12:00,0:13:00,12,13
5/1/14,Canton s,1,matched,3,MC,9:50:00,am,9,,10:04,10:18,R,L,disassortative,cmy,starch,SxC,0,NA,NA,NA,0:14:00,0:14:00,14,14
5/1/14,Canton s,1,matched,3,MC,9:50:00,am,11,,10:05,10:17,R,L,disassortative,cmy,starch,SxC,0,NA,NA,NA,0:15:00,0:12:00,15,12
5/1/14,Canton s,1,matched,3,MC,9:50:00,am,14,,10:14,10:22,R,L,disassortative,cmy,starch,SxC,0,NA,NA,NA,0:24:00,0:08:00,24,8
5/1/14,Canton s,1,matched,3,MC,9:50:00,am,15,,10:19,10:28,R,L,disassortative,cmy,starch,SxC,0,NA,NA,NA,0:29:00,0:09:00,29,9
5/1/14,Canton s,1,matched,3,MC,9:50:00,am,16,,10:25,10:36,R,L,disassortative,cmy,starch,SxC,0,NA,NA,NA,0:35:00,0:11:00,35,11
5/1/14,Canton s,1,matched,3,MC,9:50:00,am,17,,10:32,10:41,R,L,disassortative,cmy,starch,SxC,0,NA,NA,NA,0:42:00,0:09:00,42,9
5/7/14,Canton s,2,matched,3,MC,9:31:00,am,1,,9:44,10:17,L,L,assortative,cmy,cmy,cmy,1,NA,NA,NA,0:13:00,0:33:00,13,33
5/7/14,Canton s,2,matched,3,MC,9:31:00,am,2,,9:45,10:09,L,L,assortative,cmy,cmy,cmy,1,NA,NA,NA,0:14:00,0:24:00,14,24
5/7/14,Canton s,2,matched,3,MC,9:31:00,am,6,,9:53,10:18,L,L,assortative,cmy,cmy,cmy,1,NA,NA,NA,0:22:00,0:25:00,22,25
5/7/14,Canton s,2,matched,3,MC,9:31:00,am,7,,9:58,10:17,L,L,assortative,cmy,cmy,cmy,1,NA,NA,NA,0:27:00,0:19:00,27,19
5/7/14,Canton s,2,matched,3,MC,9:31:00,am,10,,10:16,10:35,L,L,assortative,cmy,cmy,cmy,1,NA,NA,NA,0:45:00,0:19:00,45,19
5/7/14,Canton s,2,matched,3,MC,9:31:00,am,11,,10:16,10:45,L,L,assortative,cmy,cmy,cmy,1,NA,NA,NA,0:45:00,0:29:00,45,29
5/7/14,Canton s,2,matched,3,MC,9:31:00,am,14,,10:24,10:43,L,L,assortative,cmy,cmy,cmy,1,NA,NA,NA,0:53:00,0:19:00,53,19
5/7/14,Canton s,2,matched,3,MC,9:31:00,am,15,,10:28,10:46,L,L,assortative,cmy,cmy,cmy,1,NA,NA,NA,0:57:00,0:18:00,57,18
5/7/14,Canton s,2,matched,4,MC,9:37:00,am,2,,9:46,NA,L,L,assortative,cmy,cmy,cmy,1,NA,NA,NA,0:09:00,#VALUE!,9,#VALUE!
5/7/14,Canton s,2,matched,4,MC,9:37:00,am,4,,9:48,10:11,L,L,assortative,cmy,cmy,cmy,1,NA,NA,NA,0:11:00,0:23:00,11,23
5/7/14,Canton s,2,matched,4,MC,9:37:00,am,5,,9:51,10:06,L,L,assortative,cmy,cmy,cmy,1,NA,NA,NA,0:14:00,0:15:00,14,15
5/7/14,Canton s,2,matched,4,MC,9:37:00,am,6,,9:51,10:14,L,L,assortative,cmy,cmy,cmy,1,NA,NA,NA,0:14:00,0:23:00,14,23
5/7/14,Canton s,2,matched,4,MC,9:37:00,am,7,,9:52,10:11,L,L,assortative,cmy,cmy,cmy,1,NA,NA,NA,0:15:00,0:19:00,15,19
5/7/14,Canton s,2,matched,4,MC,9:37:00,am,8,,9:52,10:12,L,L,assortative,cmy,cmy,cmy,1,NA,NA,NA,0:15:00,0:20:00,15,20
5/7/14,Canton s,2,matched,4,MC,9:37:00,am,11,,9:54,10:11,L,L,assortative,cmy,cmy,cmy,1,NA,NA,NA,0:17:00,0:17:00,17,17
5/7/14,Canton s,2,matched,4,MC,9:37:00,am,13,,10:03,10:30,L,L,assortative,cmy,cmy,cmy,1,NA,NA,NA,0:26:00,0:27:00,26,27
5/7/14,Canton s,2,matched,4,MC,9:37:00,am,14,,10:04,10:21,L,L,assortative,cmy,cmy,cmy,1,NA,NA,NA,0:27:00,0:17:00,27,17
5/7/14,Canton s,2,matched,4,MC,9:37:00,am,15,,10:07,10:27,L,L,assortative,cmy,cmy,cmy,1,NA,NA,NA,0:30:00,0:20:00,30,20
5/7/14,Canton s,2,matched,4,MC,9:37:00,am,16,,10:07,10:27,L,L,assortative,cmy,cmy,cmy,1,NA,NA,NA,0:30:00,0:20:00,30,20
5/7/14,Canton s,2,matched,4,MC,9:37:00,am,17,,10:07,10:27,L,L,assortative,cmy,cmy,cmy,1,NA,NA,NA,0:30:00,0:20:00,30,20
5/7/14,Canton s,2,matched,4,MC,9:37:00,am,18,,10:18,10:44,L,L,assortative,cmy,cmy,cmy,1,NA,NA,NA,0:41:00,0:26:00,41,26
5/7/14,Canton s,2,matched,4,MC,9:37:00,am,20,,10:36,10:59,L,L,assortative,cmy,cmy,cmy,1,NA,NA,NA,0:59:00,0:23:00,59,23
5/7/14,Canton s,2,matched,4,MC,9:37:00,am,1,,9:44,NA,NA,L,disassortative,NA,cmy,NA,NA,NA,NA,NA,0:07:00,#VALUE!,7,#VALUE!
5/7/14,Canton s,2,matched,3,MC,9:31:00,am,3,,9:48,10:19,L,R,disassortative,cmy,starch,SxC,0,NA,NA,NA,0:17:00,0:31:00,17,31
5/7/14,Canton s,2,matched,3,MC,9:31:00,am,4,,9:49,10:09,L,R,disassortative,cmy,starch,SxC,0,NA,NA,NA,0:18:00,0:20:00,18,20
5/7/14,Canton s,2,matched,3,MC,9:31:00,am,5,,9:53,10:17,L,R,disassortative,cmy,starch,SxC,0,NA,NA,NA,0:22:00,0:24:00,22,24
5/7/14,Canton s,2,matched,3,MC,9:31:00,am,8,,10:03,10:22,L,R,disassortative,cmy,starch,SxC,0,NA,NA,NA,0:32:00,0:19:00,32,19
5/7/14,Canton s,2,matched,3,MC,9:31:00,am,9,,10:09,10:28,L,R,disassortative,cmy,starch,SxC,0,NA,NA,NA,0:38:00,0:19:00,38,19
5/7/14,Canton s,2,matched,3,MC,9:31:00,am,12,,10:16,10:38,L,R,disassortative,cmy,starch,SxC,0,NA,NA,NA,0:45:00,0:22:00,45,22
5/7/14,Canton s,2,matched,3,MC,9:31:00,am,13,,10:22,10:41,L,R,disassortative,cmy,starch,SxC,0,NA,NA,NA,0:51:00,0:19:00,51,19
5/7/14,Canton s,2,matched,3,MC,9:31:00,am,16,,10:28,10:46,L,R,disassortative,cmy,starch,SxC,0,NA,NA,NA,0:57:00,0:18:00,57,18
5/7/14,Canton s,2,matched,4,MC,9:37:00,am,3,,9:46,10:15,L,R,disassortative,cmy,starch,SxC,0,NA,NA,NA,0:09:00,0:29:00,9,29
5/7/14,Canton s,2,matched,4,MC,9:37:00,am,9,,9:52,10:27,L,R,disassortative,cmy,starch,SxC,0,NA,NA,NA,0:15:00,0:35:00,15,35
5/7/14,Canton s,2,matched,4,MC,9:37:00,am,10,,9:54,10:14,L,R,disassortative,cmy,starch,SxC,0,NA,NA,NA,0:17:00,0:20:00,17,20
5/7/14,Canton s,2,matched,4,MC,9:37:00,am,12,,9:58,10:14,L,R,disassortative,cmy,starch,SxC,0,NA,NA,NA,0:21:00,0:16:00,21,16
5/7/14,Canton s,2,matched,4,MC,9:37:00,am,19,,10:20,10:37,L,R,disassortative,cmy,starch,SxC,0,NA,NA,NA,0:43:00,0:17:00,43,17
5/7/14,Canton s,2,matched,4,MC,9:37:00,am,21,,10:36,10:56,L,R,disassortative,cmy,starch,SxC,0,NA,NA,NA,0:59:00,0:20:00,59,20
5/15/14,Canton s,2,matched,3,MC,9:17:00,am,8,,9:59,10:14,R,R,assortative,cmy,cmy,cmy,1,NA,NA,NA,0:42:00,0:15:00,42,15
5/15/14,Canton s,2,matched,3,MC,9:17:00,am,9,,10:00,10:14,R,R,assortative,cmy,cmy,cmy,1,NA,NA,NA,0:43:00,0:14:00,43,14
5/15/14,Canton s,2,matched,4,MC,9:08:00,am,2,,9:21,9:38,R,R,assortative,cmy,cmy,cmy,1,NA,NA,NA,0:13:00,0:17:00,13,17
5/15/14,Canton s,2,matched,4,MC,9:08:00,am,3,,9:26,9:38,R,R,assortative,cmy,cmy,cmy,1,NA,NA,NA,0:18:00,0:12:00,18,12
5/15/14,Canton s,2,matched,4,MC,9:08:00,am,6,,9:27,9:44,R,R,assortative,cmy,cmy,cmy,1,NA,NA,NA,0:19:00,0:17:00,19,17
5/15/14,Canton s,2,matched,4,MC,9:08:00,am,8,,9:39,9:58,R,R,assortative,cmy,cmy,cmy,1,NA,NA,NA,0:31:00,0:19:00,31,19
5/15/14,Canton s,2,matched,4,MC,9:08:00,am,10,,9:55,10:03,R,R,assortative,cmy,cmy,cmy,1,NA,NA,NA,0:47:00,0:08:00,47,8
5/15/14,Canton s,2,matched,3,MC,9:17:00,am,1,,9:30,9:47,R,L,disassortative,cmy,starch,SxC,0,NA,NA,NA,0:13:00,0:17:00,13,17
5/15/14,Canton s,2,matched,3,MC,9:17:00,am,2,,9:33,9:45,R,L,disassortative,cmy,starch,SxC,0,NA,NA,NA,0:16:00,0:12:00,16,12
5/15/14,Canton s,2,matched,3,MC,9:17:00,am,3,,9:36,9:51,R,L,disassortative,cmy,starch,SxC,0,NA,NA,NA,0:19:00,0:15:00,19,15
5/15/14,Canton s,2,matched,3,MC,9:17:00,am,4,,9:39,9:59,R,L,disassortative,cmy,starch,SxC,0,NA,NA,NA,0:22:00,0:20:00,22,20
5/15/14,Canton s,2,matched,3,MC,9:17:00,am,5,,9:39,9:59,R,L,disassortative,cmy,starch,SxC,0,NA,NA,NA,0:22:00,0:20:00,22,20
5/15/14,Canton s,2,matched,3,MC,9:17:00,am,6,,9:42,9:56,R,L,disassortative,cmy,starch,SxC,0,NA,NA,NA,0:25:00,0:14:00,25,14
5/15/14,Canton s,2,matched,3,MC,9:17:00,am,7,,9:54,10:08,R,L,disassortative,cmy,starch,SxC,0,NA,NA,NA,0:37:00,0:14:00,37,14
5/15/14,Canton s,2,matched,3,MC,9:17:00,am,10,,10:08,10:27,R,L,disassortative,cmy,starch,SxC,0,NA,NA,NA,0:51:00,0:19:00,51,19
5/15/14,Canton s,2,matched,4,MC,9:08:00,am,1,,9:20,9:42,R,L,disassortative,cmy,starch,SxC,0,NA,NA,NA,0:12:00,0:22:00,12,22
5/15/14,Canton s,2,matched,4,MC,9:08:00,am,4,,9:26,9:43,R,L,disassortative,cmy,starch,SxC,0,NA,NA,NA,0:18:00,0:17:00,18,17
5/15/14,Canton s,2,matched,4,MC,9:08:00,am,5,,9:27,9:38,R,L,disassortative,cmy,starch,SxC,0,NA,NA,NA,0:19:00,0:11:00,19,11
5/15/14,Canton s,2,matched,4,MC,9:08:00,am,7,,9:31,9:43,R,L,disassortative,cmy,starch,SxC,0,NA,NA,NA,0:23:00,0:12:00,23,12
5/15/14,Canton s,2,matched,4,MC,9:08:00,am,9,,9:49,10:07,R,L,disassortative,cmy,starch,SxC,0,NA,NA,NA,0:41:00,0:18:00,41,18
5/22/14,Canton s,1,matched,2,MC,9:34:00,am,1,,9:44,10:06,L,L,assortative,cmy,cmy,cmy,1,NA,NA,NA,0:10:00,0:22:00,10,22
5/22/14,Canton s,1,matched,2,MC,9:34:00,am,2,,9:45,10:01,L,L,assortative,cmy,cmy,cmy,1,NA,NA,NA,0:11:00,0:16:00,11,16
5/22/14,Canton s,1,matched,2,MC,9:34:00,am,4,,9:49,10:08,L,L,assortative,cmy,cmy,cmy,1,NA,NA,NA,0:15:00,0:19:00,15,19
5/22/14,Canton s,1,matched,2,MC,9:34:00,am,6,,9:51,10:12,L,L,assortative,cmy,cmy,cmy,1,NA,NA,NA,0:17:00,0:21:00,17,21
5/22/14,Canton s,1,matched,2,MC,9:34:00,am,8,,9:52,10:15,L,L,assortative,cmy,cmy,cmy,1,NA,NA,NA,0:18:00,0:23:00,18,23
5/22/14,Canton s,1,matched,2,MC,9:34:00,am,10,,9:53,10:13,L,L,assortative,cmy,cmy,cmy,1,NA,NA,NA,0:19:00,0:20:00,19,20
5/22/14,Canton s,1,matched,2,MC,9:34:00,am,11,,9:54,10:22,L,L,assortative,cmy,cmy,cmy,1,NA,NA,NA,0:20:00,0:28:00,20,28
5/22/14,Canton s,1,matched,2,MC,9:34:00,am,12,,9:58,10:20,L,L,assortative,cmy,cmy,cmy,1,NA,NA,NA,0:24:00,0:22:00,24,22
5/22/14,Canton s,1,matched,2,MC,9:34:00,am,3,,9:48,10:08,L,R,disassortative,cmy,starch,SxC,0,NA,NA,NA,0:14:00,0:20:00,14,20
5/22/14,Canton s,1,matched,2,MC,9:34:00,am,5,,9:50,10:08,L,R,disassortative,cmy,starch,SxC,0,NA,NA,NA,0:16:00,0:18:00,16,18
5/22/14,Canton s,1,matched,2,MC,9:34:00,am,7,,9:51,10:14,L,R,disassortative,cmy,starch,SxC,0,NA,NA,NA,0:17:00,0:23:00,17,23
5/22/14,Canton s,1,matched,2,MC,9:34:00,am,9,,9:52,10:16,L,R,disassortative,cmy,starch,SxC,0,NA,NA,NA,0:18:00,0:24:00,18,24
5/22/14,Canton s,1,matched,2,MC,9:34:00,am,13,,10:01,10:19,L,R,disassortative,cmy,starch,SxC,0,NA,NA,NA,0:27:00,0:18:00,27,18
5/22/14,Canton s,1,matched,2,MC,9:34:00,am,14,,10:03,10:22,L,R,disassortative,cmy,starch,SxC,0,NA,NA,NA,0:29:00,0:19:00,29,19
5/22/14,Canton s,1,matched,2,MC,9:34:00,am,15,,10:04,10:30,L,R,disassortative,cmy,starch,SxC,0,NA,NA,NA,0:30:00,0:26:00,30,26
5/28/14,Canton s,2,matched,2,MC,9:40:00,am,1,,9:44,10:15,R,R,assortative,cmy,cmy,cmy,1,NA,NA,NA,0:04:00,0:31:00,4,31
5/28/14,Canton s,2,matched,2,MC,9:40:00,am,3,,9:46,10:09,R,R,assortative,cmy,cmy,cmy,1,NA,NA,NA,0:06:00,0:23:00,6,23
5/28/14,Canton s,2,matched,2,MC,9:40:00,am,5,,9:49,10:07,R,R,assortative,cmy,cmy,cmy,1,NA,NA,NA,0:09:00,0:18:00,9,18
5/28/14,Canton s,2,matched,2,MC,9:40:00,am,6,,9:51,10:13,R,R,assortative,cmy,cmy,cmy,1,NA,NA,NA,0:11:00,0:22:00,11,22
5/28/14,Canton s,2,matched,2,MC,9:40:00,am,7,,9:53,10:15,R,R,assortative,cmy,cmy,cmy,1,NA,NA,NA,0:13:00,0:22:00,13,22
5/28/14,Canton s,2,matched,2,MC,9:40:00,am,8,,9:54,10:22,R,R,assortative,cmy,cmy,cmy,1,NA,NA,NA,0:14:00,0:28:00,14,28
5/28/14,Canton s,2,matched,2,MC,9:40:00,am,9,,9:59,10:21,R,R,assortative,cmy,cmy,cmy,1,NA,NA,NA,0:19:00,0:22:00,19,22
5/28/14,Canton s,2,matched,2,MC,9:40:00,am,13,,10:00,10:19,R,R,assortative,cmy,cmy,cmy,1,NA,NA,NA,0:20:00,0:19:00,20,19
5/28/14,Canton s,2,matched,2,MC,9:40:00,am,14,,10:01,10:20,R,R,assortative,cmy,cmy,cmy,1,NA,NA,NA,0:21:00,0:19:00,21,19
5/28/14,Canton s,2,matched,2,MC,9:40:00,am,16,,10:02,10:22,R,R,assortative,cmy,cmy,cmy,1,NA,NA,NA,0:22:00,0:20:00,22,20
5/28/14,Canton s,2,matched,2,MC,9:40:00,am,17,,10:03,10:22,R,R,assortative,cmy,cmy,cmy,1,NA,NA,NA,0:23:00,0:19:00,23,19
5/28/14,Canton s,2,matched,2,MC,9:40:00,am,18,,10:03,10:25,R,R,assortative,cmy,cmy,cmy,1,NA,NA,NA,0:23:00,0:22:00,23,22
5/28/14,Canton s,2,matched,2,MC,9:40:00,am,20,,10:23,10:39,R,R,assortative,cmy,cmy,cmy,1,NA,NA,NA,0:43:00,0:16:00,43,16
5/28/14,Canton s,2,matched,2,MC,9:40:00,am,2,,9:45,10:17,R,L,disassortative,cmy,starch,SxC,0,NA,NA,NA,0:05:00,0:32:00,5,32
5/28/14,Canton s,2,matched,2,MC,9:40:00,am,4,,9:46,10:07,R,L,disassortative,cmy,starch,SxC,0,NA,NA,NA,0:06:00,0:21:00,6,21
5/28/14,Canton s,2,matched,2,MC,9:40:00,am,10,,9:59,10:15,R,L,disassortative,cmy,starch,SxC,0,NA,NA,NA,0:19:00,0:16:00,19,16
5/28/14,Canton s,2,matched,2,MC,9:40:00,am,11,,10:00,10:22,R,L,disassortative,cmy,starch,SxC,0,NA,NA,NA,0:20:00,0:22:00,20,22
5/28/14,Canton s,2,matched,2,MC,9:40:00,am,12,,10:00,10:19,R,L,disassortative,cmy,starch,SxC,0,NA,NA,NA,0:20:00,0:19:00,20,19
5/28/14,Canton s,2,matched,2,MC,9:40:00,am,15,,10:01,10:21,R,L,disassortative,cmy,starch,SxC,0,NA,NA,NA,0:21:00,0:20:00,21,20
5/28/14,Canton s,2,matched,2,MC,9:40:00,am,19,,10:16,10:38,R,L,disassortative,cmy,starch,SxC,0,NA,NA,NA,0:36:00,0:22:00,36,22
5/28/14,Canton s,2,matched,2,MC,9:40:00,am,21,,10:29,10:53,R,L,disassortative,cmy,starch,SxC,0,NA,NA,NA,0:49:00,0:24:00,49,24
5/28/14,Canton s,2,matched,2,MC,9:40:00,am,22,,10:30,10:56,R,L,disassortative,cmy,starch,SxC,0,NA,NA,NA,0:50:00,0:26:00,50,26
5/28/14,Canton s,2,matched,2,MC,9:40:00,am,23,,10:36,11:00,R,L,disassortative,cmy,starch,SxC,0,NA,NA,NA,0:56:00,0:24:00,56,24
6/5/14,Canton s,1,matched,2,MC,9:20:00,am,4,,9:51,10:13,L,L,assortative,cmy,cmy,cmy,1,NA,NA,NA,0:31:00,0:22:00,31,22
6/5/14,Canton s,1,matched,2,MC,9:20:00,am,5,,9:52,10:13,L,L,assortative,cmy,cmy,cmy,1,NA,NA,NA,0:32:00,0:21:00,32,21
6/5/14,Canton s,1,matched,2,MC,9:20:00,am,7,,9:58,10:19,L,L,assortative,cmy,cmy,cmy,1,NA,NA,NA,0:38:00,0:21:00,38,21
6/5/14,Canton s,1,matched,2,MC,9:20:00,am,8,,10:04,10:28,L,L,assortative,cmy,cmy,cmy,1,NA,NA,NA,0:44:00,0:24:00,44,24
6/5/14,Canton s,1,matched,2,MC,9:20:00,am,10,,10:16,10:35,L,L,assortative,cmy,cmy,cmy,1,NA,NA,NA,0:56:00,0:19:00,56,19
6/5/14,Canton s,1,matched,2,MC,9:20:00,am,1,,9:45,10:00,L,R,disassortative,cmy,starch,SxC,0,NA,NA,NA,0:25:00,0:15:00,25,15
6/5/14,Canton s,1,matched,2,MC,9:20:00,am,2,,9:46,10:08,L,R,disassortative,cmy,starch,SxC,0,NA,NA,NA,0:26:00,0:22:00,26,22
6/5/14,Canton s,1,matched,2,MC,9:20:00,am,3,,9:49,10:09,L,R,disassortative,cmy,starch,SxC,0,NA,NA,NA,0:29:00,0:20:00,29,20
6/5/14,Canton s,1,matched,2,MC,9:20:00,am,6,,9:57,10:19,L,R,disassortative,cmy,starch,SxC,0,NA,NA,NA,0:37:00,0:22:00,37,22
6/5/14,Canton s,1,matched,2,MC,9:20:00,am,9,,10:15,10:34,L,R,disassortative,cmy,starch,SxC,0,NA,NA,NA,0:55:00,0:19:00,55,19
4/17/14,Canton s,1,matched,5,MS,9:54:00,am,1,NA,9:59,10:12,L,L,assortative,starch,starch,starch,1,NA,NA,NA,0:05:00,0:13:00,5,13
4/17/14,Canton s,1,matched,5,MS,9:54:00,am,6,NA,10:10,10:32,L,L,assortative,starch,starch,starch,1,NA,NA,NA,0:16:00,0:22:00,16,22
4/17/14,Canton s,1,matched,5,MS,9:54:00,am,9,NA,10:15,10:37,L,L,assortative,starch,starch,starch,1,NA,NA,NA,0:21:00,0:22:00,21,22
4/17/14,Canton s,1,matched,5,MS,9:54:00,am,10,NA,10:17,10:35,L,L,assortative,starch,starch,starch,1,NA,NA,NA,0:23:00,0:18:00,23,18
4/17/14,Canton s,1,matched,5,MS,9:54:00,am,11,NA,10:19,10:27,L,L,assortative,starch,starch,starch,1,NA,NA,NA,0:25:00,0:08:00,25,8
4/17/14,Canton s,1,matched,6,MS,10:02:00,am,4,NA,10:14,10:33,L,L,assortative,starch,starch,starch,1,NA,NA,NA,0:12:00,0:19:00,12,19
4/17/14,Canton s,1,matched,6,MS,10:02:00,am,7,NA,10:22,10:40,L,L,assortative,starch,starch,starch,1,NA,NA,NA,0:20:00,0:18:00,20,18
4/17/14,Canton s,1,matched,6,MS,10:02:00,am,11,NA,10:29,10:47,L,L,assortative,starch,starch,starch,1,NA,NA,NA,0:27:00,0:18:00,27,18
4/17/14,Canton s,1,matched,6,MS,10:02:00,am,13,NA,10:43,11:04,L,L,assortative,starch,starch,starch,1,NA,NA,NA,0:41:00,0:21:00,41,21
4/17/14,Canton s,1,matched,6,MS,10:02:00,am,16,NA,10:59,11:18,L,L,assortative,starch,starch,starch,1,NA,NA,NA,0:57:00,0:19:00,57,19
4/17/14,Canton s,1,matched,5,MS,9:54:00,am,2,NA,10:02,10:20,L,R,disassortative,starch,cmy,CxS,0,NA,NA,NA,0:08:00,0:18:00,8,18
4/17/14,Canton s,1,matched,5,MS,9:54:00,am,3,NA,10:08,10:27,L,R,disassortative,starch,cmy,CxS,0,NA,NA,NA,0:14:00,0:19:00,14,19
4/17/14,Canton s,1,matched,5,MS,9:54:00,am,4,NA,10:08,10:30,L,R,disassortative,starch,cmy,CxS,0,NA,NA,NA,0:14:00,0:22:00,14,22
4/17/14,Canton s,1,matched,5,MS,9:54:00,am,5,NA,10:09,10:30,L,R,disassortative,starch,cmy,CxS,0,NA,NA,NA,0:15:00,0:21:00,15,21
4/17/14,Canton s,1,matched,5,MS,9:54:00,am,7,NA,10:14,10:32,L,R,disassortative,starch,cmy,CxS,0,NA,NA,NA,0:20:00,0:18:00,20,18
4/17/14,Canton s,1,matched,5,MS,9:54:00,am,8,NA,10:14,10:35,L,R,disassortative,starch,cmy,CxS,0,NA,NA,NA,0:20:00,0:21:00,20,21
4/17/14,Canton s,1,matched,5,MS,9:54:00,am,12,NA,10:25,10:48,L,R,disassortative,starch,cmy,CxS,0,NA,NA,NA,0:31:00,0:23:00,31,23
4/17/14,Canton s,1,matched,5,MS,9:54:00,am,13,NA,10:45,11:13,L,R,disassortative,starch,cmy,CxS,0,NA,NA,NA,0:51:00,0:28:00,51,28
4/17/14,Canton s,1,matched,5,MS,9:54:00,am,14,NA,10:54,11:14,L,R,disassortative,starch,cmy,CxS,0,NA,NA,NA,1:00:00,0:20:00,0,20
4/17/14,Canton s,1,matched,6,MS,10:02:00,am,1,NA,10:10,10:26,L,R,disassortative,starch,cmy,CxS,0,NA,NA,NA,0:08:00,0:16:00,8,16
4/17/14,Canton s,1,matched,6,MS,10:02:00,am,2,NA,10:10,10:30,L,R,disassortative,starch,cmy,CxS,0,NA,NA,NA,0:08:00,0:20:00,8,20
4/17/14,Canton s,1,matched,6,MS,10:02:00,am,3,NA,10:12,10:33,L,R,disassortative,starch,cmy,CxS,0,NA,NA,NA,0:10:00,0:21:00,10,21
4/17/14,Canton s,1,matched,6,MS,10:02:00,am,5,NA,10:14,10:36,L,R,disassortative,starch,cmy,CxS,0,NA,NA,NA,0:12:00,0:22:00,12,22
4/17/14,Canton s,1,matched,6,MS,10:02:00,am,6,NA,10:19,10:37,L,R,disassortative,starch,cmy,CxS,0,NA,NA,NA,0:17:00,0:18:00,17,18
4/17/14,Canton s,1,matched,6,MS,10:02:00,am,8,NA,10:25,10:50,L,R,disassortative,starch,cmy,CxS,0,NA,NA,NA,0:23:00,0:25:00,23,25
4/17/14,Canton s,1,matched,6,MS,10:02:00,am,9,NA,10:26,10:44,L,R,disassortative,starch,cmy,CxS,0,NA,NA,NA,0:24:00,0:18:00,24,18
4/17/14,Canton s,1,matched,6,MS,10:02:00,am,10,NA,10:28,10:48,L,R,disassortative,starch,cmy,CxS,0,NA,NA,NA,0:26:00,0:20:00,26,20
4/17/14,Canton s,1,matched,6,MS,10:02:00,am,12,NA,10:40,10:58,L,R,disassortative,starch,cmy,CxS,0,NA,NA,NA,0:38:00,0:18:00,38,18
4/17/14,Canton s,1,matched,6,MS,10:02:00,am,14,NA,10:51,11:08,L,R,disassortative,starch,cmy,CxS,0,NA,NA,NA,0:49:00,0:17:00,49,17
4/17/14,Canton s,1,matched,6,MS,10:02:00,am,15,NA,10:55,11:13,L,R,disassortative,starch,cmy,CxS,0,NA,NA,NA,0:53:00,0:18:00,53,18
4/17/14,Canton s,1,matched,6,MS,10:02:00,am,17,NA,11:00,11:28,L,R,disassortative,starch,cmy,CxS,0,NA,NA,NA,0:58:00,0:28:00,58,28
4/17/14,Canton s,1,matched,6,MS,10:02:00,am,18,NA,11:02,11:31,L,R,disassortative,starch,cmy,CxS,0,NA,NA,NA,1:00:00,0:29:00,0,29
4/24/14,Canton s,2,matched,1,MS,9:46:00,am,3,A5,10:02,10:16,R,R,assortative,starch,starch,starch,1,NA,NA,NA,0:16:00,0:14:00,16,14
4/24/14,Canton s,2,matched,1,MS,9:46:00,am,7,D1,10:05,10:23,R,R,assortative,starch,starch,starch,1,NA,NA,NA,0:19:00,0:18:00,19,18
4/24/14,Canton s,2,matched,1,MS,9:46:00,am,8,B6,10:05,10:23,R,R,assortative,starch,starch,starch,1,NA,NA,NA,0:19:00,0:18:00,19,18
4/24/14,Canton s,2,matched,1,MS,9:46:00,am,9,B1,10:10,10:29,R,R,assortative,starch,starch,starch,1,NA,NA,NA,0:24:00,0:19:00,24,19
4/24/14,Canton s,2,matched,1,MS,9:46:00,am,11,C5,10:16,10:34,R,R,assortative,starch,starch,starch,1,NA,NA,NA,0:30:00,0:18:00,30,18
4/24/14,Canton s,2,matched,1,MS,9:46:00,am,12,A6,10:10,10:41,R,R,assortative,starch,starch,starch,1,NA,NA,NA,0:24:00,0:31:00,24,31
4/24/14,Canton s,2,matched,1,MS,9:46:00,am,14,D4,10:25,10:42,R,R,assortative,starch,starch,starch,1,NA,NA,NA,0:39:00,0:17:00,39,17
4/24/14,Canton s,2,matched,1,MS,9:46:00,am,15,A3,10:28,10:43,R,R,assortative,starch,starch,starch,1,NA,NA,NA,0:42:00,0:15:00,42,15
4/24/14,Canton s,2,matched,1,MS,9:46:00,am,16,A4,10:36,10:55,R,R,assortative,starch,starch,starch,1,NA,NA,NA,0:50:00,0:19:00,50,19
4/24/14,Canton s,2,matched,1,MS,9:46:00,am,17,B2,10:38,11:02,R,R,assortative,starch,starch,starch,1,NA,NA,NA,0:52:00,0:24:00,52,24
4/24/14,Canton s,2,matched,2,MS,9:47:00,am,1,A4,10:09,10:32,R,R,assortative,starch,starch,starch,1,NA,NA,NA,0:22:00,0:23:00,22,23
4/24/14,Canton s,2,matched,2,MS,9:47:00,am,2,B6,10:13,10:34,R,R,assortative,starch,starch,starch,1,NA,NA,NA,0:26:00,0:21:00,26,21
4/24/14,Canton s,2,matched,2,MS,9:47:00,am,5,A1,10:24,10:52,R,R,assortative,starch,starch,starch,1,NA,NA,NA,0:37:00,0:28:00,37,28
4/24/14,Canton s,2,matched,2,MS,9:47:00,am,6,B5,10:29,10:44,R,R,assortative,starch,starch,starch,1,NA,NA,NA,0:42:00,0:15:00,42,15
4/24/14,Canton s,2,matched,2,MS,9:47:00,am,7,B2,10:30,10:46,R,R,assortative,starch,starch,starch,1,NA,NA,NA,0:43:00,0:16:00,43,16
4/24/14,Canton s,2,matched,1,MS,9:46:00,am,1,B3,9:56,10:16,R,L,disassortative,starch,cmy,CxS,0,NA,NA,NA,0:10:00,0:20:00,10,20
4/24/14,Canton s,2,matched,1,MS,9:46:00,am,2,C1,9:58,10:12,R,L,disassortative,starch,cmy,CxS,0,NA,NA,NA,0:12:00,0:14:00,12,14
4/24/14,Canton s,2,matched,1,MS,9:46:00,am,4,D6,10:02,10:28,R,L,disassortative,starch,cmy,CxS,0,NA,NA,NA,0:16:00,0:26:00,16,26
4/24/14,Canton s,2,matched,1,MS,9:46:00,am,5,A2,10:04,10:29,R,L,disassortative,starch,cmy,CxS,0,NA,NA,NA,0:18:00,0:25:00,18,25
4/24/14,Canton s,2,matched,1,MS,9:46:00,am,6,B4,10:05,10:21,R,L,disassortative,starch,cmy,CxS,0,NA,NA,NA,0:19:00,0:16:00,19,16
4/24/14,Canton s,2,matched,1,MS,9:46:00,am,10,C6,10:14,10:34,R,L,disassortative,starch,cmy,CxS,0,NA,NA,NA,0:28:00,0:20:00,28,20
4/24/14,Canton s,2,matched,1,MS,9:46:00,am,13,C2,10:24,10:43,R,L,disassortative,starch,cmy,CxS,0,NA,NA,NA,0:38:00,0:19:00,38,19
4/24/14,Canton s,2,matched,2,MS,9:47:00,am,3,A4,10:17,10:33,R,L,disassortative,starch,cmy,CxS,0,NA,NA,NA,0:30:00,0:16:00,30,16
4/24/14,Canton s,2,matched,2,MS,9:47:00,am,4,B4,10:21,10:35,R,L,disassortative,starch,cmy,CxS,0,NA,NA,NA,0:34:00,0:14:00,34,14
4/24/14,Canton s,2,matched,2,MS,9:47:00,am,8,A3,10:33,10:52,R,L,disassortative,starch,cmy,CxS,0,NA,NA,NA,0:46:00,0:19:00,46,19
5/1/14,Canton s,1,matched,5,MS,9:36:00,am,3,,9:45,10:10,L,L,assortative,starch,starch,starch,1,NA,NA,NA,0:09:00,0:25:00,9,25
5/1/14,Canton s,1,matched,5,MS,9:36:00,am,4,,9:47,10:08,L,L,assortative,starch,starch,starch,1,NA,NA,NA,0:11:00,0:21:00,11,21
5/1/14,Canton s,1,matched,5,MS,9:36:00,am,6,,9:51,10:08,L,L,assortative,starch,starch,starch,1,NA,NA,NA,0:15:00,0:17:00,15,17
5/1/14,Canton s,1,matched,5,MS,9:36:00,am,7,,9:53,10:14,L,L,assortative,starch,starch,starch,1,NA,NA,NA,0:17:00,0:21:00,17,21
5/1/14,Canton s,1,matched,5,MS,9:36:00,am,8,,9:54,10:19,L,L,assortative,starch,starch,starch,1,NA,NA,NA,0:18:00,0:25:00,18,25
5/1/14,Canton s,1,matched,5,MS,9:36:00,am,9,,9:57,10:22,L,L,assortative,starch,starch,starch,1,NA,NA,NA,0:21:00,0:25:00,21,25
5/1/14,Canton s,1,matched,5,MS,9:36:00,am,14,,10:14,10:28,L,L,assortative,starch,starch,starch,1,NA,NA,NA,0:38:00,0:14:00,38,14
5/1/14,Canton s,1,matched,5,MS,9:36:00,am,1,,9:45,10:10,L,R,disassortative,starch,cmy,CxS,0,NA,NA,NA,0:09:00,0:25:00,9,25
5/1/14,Canton s,1,matched,5,MS,9:36:00,am,2,,9:45,10:01,L,R,disassortative,starch,cmy,CxS,0,NA,NA,NA,0:09:00,0:16:00,9,16
5/1/14,Canton s,1,matched,5,MS,9:36:00,am,5,,9:50,10:10,L,R,disassortative,starch,cmy,CxS,0,NA,NA,NA,0:14:00,0:20:00,14,20
5/1/14,Canton s,1,matched,5,MS,9:36:00,am,10,,10:03,10:20,L,R,disassortative,starch,cmy,CxS,0,NA,NA,NA,0:27:00,0:17:00,27,17
5/1/14,Canton s,1,matched,5,MS,9:36:00,am,11,,10:05,10:28,L,R,disassortative,starch,cmy,CxS,0,NA,NA,NA,0:29:00,0:23:00,29,23
5/1/14,Canton s,1,matched,5,MS,9:36:00,am,12,,10:08,10:29,L,R,disassortative,starch,cmy,CxS,0,NA,NA,NA,0:32:00,0:21:00,32,21
5/1/14,Canton s,1,matched,5,MS,9:36:00,am,13,,10:14,10:29,L,R,disassortative,starch,cmy,CxS,0,NA,NA,NA,0:38:00,0:15:00,38,15
5/1/14,Canton s,1,matched,5,MS,9:36:00,am,15,,10:24,10:42,L,R,disassortative,starch,cmy,CxS,0,NA,NA,NA,0:48:00,0:18:00,48,18
5/7/14,Canton s,2,matched,5,MS,9:41:00,am,1,,9:51,10:06,R,R,assortative,starch,starch,starch,1,NA,NA,NA,0:10:00,0:15:00,10,15
5/7/14,Canton s,2,matched,5,MS,9:41:00,am,2,,9:52,10:06,R,R,assortative,starch,starch,starch,1,NA,NA,NA,0:11:00,0:14:00,11,14
5/7/14,Canton s,2,matched,5,MS,9:41:00,am,4,,9:57,10:22,R,R,assortative,starch,starch,starch,1,NA,NA,NA,0:16:00,0:25:00,16,25
5/7/14,Canton s,2,matched,5,MS,9:41:00,am,5,,10:01,10:17,R,R,assortative,starch,starch,starch,1,NA,NA,NA,0:20:00,0:16:00,20,16
5/7/14,Canton s,2,matched,5,MS,9:41:00,am,6,,10:05,10:23,R,R,assortative,starch,starch,starch,1,NA,NA,NA,0:24:00,0:18:00,24,18
5/7/14,Canton s,2,matched,5,MS,9:41:00,am,7,,10:05,10:18,R,R,assortative,starch,starch,starch,1,NA,NA,NA,0:24:00,0:13:00,24,13
5/7/14,Canton s,2,matched,5,MS,9:41:00,am,8,,10:12,10:23,R,R,assortative,starch,starch,starch,1,NA,NA,NA,0:31:00,0:11:00,31,11
5/7/14,Canton s,2,matched,5,MS,9:41:00,am,9,,10:17,10:40,R,R,assortative,starch,starch,starch,1,NA,NA,NA,0:36:00,0:23:00,36,23
5/7/14,Canton s,2,matched,5,MS,9:41:00,am,10,,10:38,10:51,R,R,assortative,starch,starch,starch,1,NA,NA,NA,0:57:00,0:13:00,57,13
5/7/14,Canton s,2,matched,6,MS,9:34:00,am,1,,9:44,10:06,R,R,assortative,starch,starch,starch,1,NA,NA,NA,0:10:00,0:22:00,10,22
5/7/14,Canton s,2,matched,6,MS,9:34:00,am,4,,9:49,10:07,R,R,assortative,starch,starch,starch,1,NA,NA,NA,0:15:00,0:18:00,15,18
5/7/14,Canton s,2,matched,6,MS,9:34:00,am,5,,9:51,10:12,R,R,assortative,starch,starch,starch,1,NA,NA,NA,0:17:00,0:21:00,17,21
5/7/14,Canton s,2,matched,6,MS,9:34:00,am,6,,9:54,10:13,R,R,assortative,starch,starch,starch,1,NA,NA,NA,0:20:00,0:19:00,20,19
5/7/14,Canton s,2,matched,6,MS,9:34:00,am,10,,9:59,10:23,R,R,assortative,starch,starch,starch,1,NA,NA,NA,0:25:00,0:24:00,25,24
5/7/14,Canton s,2,matched,6,MS,9:34:00,am,11,,10:04,10:26,R,R,assortative,starch,starch,starch,1,NA,NA,NA,0:30:00,0:22:00,30,22
5/7/14,Canton s,2,matched,5,MS,9:41:00,am,3,,9:56,10:21,R,L,disassortative,starch,cmy,CxS,0,NA,NA,NA,0:15:00,0:25:00,15,25
5/7/14,Canton s,2,matched,5,MS,9:41:00,am,11,,10:39,10:58,R,L,disassortative,starch,cmy,CxS,0,NA,NA,NA,0:58:00,0:19:00,58,19
5/7/14,Canton s,2,matched,6,MS,9:34:00,am,2,,9:46,10:21,R,L,disassortative,starch,cmy,CxS,0,NA,NA,NA,0:12:00,0:35:00,12,35
5/7/14,Canton s,2,matched,6,MS,9:34:00,am,3,,9:47,10:06,R,L,disassortative,starch,cmy,CxS,0,NA,NA,NA,0:13:00,0:19:00,13,19
5/7/14,Canton s,2,matched,6,MS,9:34:00,am,7,,9:54,10:10,R,L,disassortative,starch,cmy,CxS,0,NA,NA,NA,0:20:00,0:16:00,20,16
5/7/14,Canton s,2,matched,6,MS,9:34:00,am,8,,9:54,10:11,R,L,disassortative,starch,cmy,CxS,0,NA,NA,NA,0:20:00,0:17:00,20,17
5/7/14,Canton s,2,matched,6,MS,9:34:00,am,9,,9:54,10:14,R,L,disassortative,starch,cmy,CxS,0,NA,NA,NA,0:20:00,0:20:00,20,20
5/7/14,Canton s,2,matched,6,MS,9:34:00,am,12,,10:10,10:28,R,L,disassortative,starch,cmy,CxS,0,NA,NA,NA,0:36:00,0:18:00,36,18
5/7/14,Canton s,2,matched,6,MS,9:34:00,am,13,,10:20,10:41,R,L,disassortative,starch,cmy,CxS,0,NA,NA,NA,0:46:00,0:21:00,46,21
5/15/14,Canton s,2,matched,5,MS,9:22:00,am,1,,9:30,9:48,L,L,assortative,starch,starch,starch,1,NA,NA,NA,0:08:00,0:18:00,8,18
5/15/14,Canton s,2,matched,5,MS,9:22:00,am,5,,9:37,10:05,L,L,assortative,starch,starch,starch,1,NA,NA,NA,0:15:00,0:28:00,15,28
5/15/14,Canton s,2,matched,5,MS,9:22:00,am,6,,9:42,10:04,L,L,assortative,starch,starch,starch,1,NA,NA,NA,0:20:00,0:22:00,20,22
5/15/14,Canton s,2,matched,5,MS,9:22:00,am,7,,9:42,10:25,L,L,assortative,starch,starch,starch,1,NA,NA,NA,0:20:00,0:43:00,20,43
5/15/14,Canton s,2,matched,5,MS,9:22:00,am,8,,9:52,10:10,L,L,assortative,starch,starch,starch,1,NA,NA,NA,0:30:00,0:18:00,30,18
5/15/14,Canton s,2,matched,5,MS,9:22:00,am,9,,9:54,9:56,L,L,assortative,starch,starch,starch,1,NA,NA,NA,0:32:00,0:02:00,32,2
5/15/14,Canton s,2,matched,5,MS,9:22:00,am,12,,10:03,10:30,L,L,assortative,starch,starch,starch,1,NA,NA,NA,0:41:00,0:27:00,41,27
5/15/14,Canton s,2,matched,5,MS,9:22:00,am,14,,10:14,10:35,L,L,assortative,starch,starch,starch,1,NA,NA,NA,0:52:00,0:21:00,52,21
5/15/14,Canton s,2,matched,5,MS,9:22:00,am,15,,10:21,10:44,L,L,assortative,starch,starch,starch,1,NA,NA,NA,0:59:00,0:23:00,59,23
5/15/14,Canton s,2,matched,6,MS,9:28:00,am,1,,9:31,9:59,L,L,assortative,starch,starch,starch,1,NA,NA,NA,0:03:00,0:28:00,3,28
5/15/14,Canton s,2,matched,6,MS,9:28:00,am,2,,9:38,9:56,L,L,assortative,starch,starch,starch,1,NA,NA,NA,0:10:00,0:18:00,10,18
5/15/14,Canton s,2,matched,6,MS,9:28:00,am,3,,9:38,9:57,L,L,assortative,starch,starch,starch,1,NA,NA,NA,0:10:00,0:19:00,10,19
5/15/14,Canton s,2,matched,6,MS,9:28:00,am,4,,9:39,10:00,L,L,assortative,starch,starch,starch,1,NA,NA,NA,0:11:00,0:21:00,11,21
5/15/14,Canton s,2,matched,6,MS,9:28:00,am,10,,9:47,10:12,L,L,assortative,starch,starch,starch,1,NA,NA,NA,0:19:00,0:25:00,19,25
5/15/14,Canton s,2,matched,6,MS,9:28:00,am,12,,9:53,10:09,L,L,assortative,starch,starch,starch,1,NA,NA,NA,0:25:00,0:16:00,25,16
5/15/14,Canton s,2,matched,6,MS,9:28:00,am,13,,9:55,10:19,L,L,assortative,starch,starch,starch,1,NA,NA,NA,0:27:00,0:24:00,27,24
5/15/14,Canton s,2,matched,5,MS,9:22:00,am,2,,9:34,9:56,L,R,disassortative,starch,cmy,CxS,0,NA,NA,NA,0:12:00,0:22:00,12,22
5/15/14,Canton s,2,matched,5,MS,9:22:00,am,3,,9:35,9:53,L,R,disassortative,starch,cmy,CxS,0,NA,NA,NA,0:13:00,0:18:00,13,18
5/15/14,Canton s,2,matched,5,MS,9:22:00,am,4,,9:35,9:54,L,R,disassortative,starch,cmy,CxS,0,NA,NA,NA,0:13:00,0:19:00,13,19
5/15/14,Canton s,2,matched,5,MS,9:22:00,am,10,,9:56,10:19,L,R,disassortative,starch,cmy,CxS,0,NA,NA,NA,0:34:00,0:23:00,34,23
5/15/14,Canton s,2,matched,5,MS,9:22:00,am,11,,9:56,10:12,L,R,disassortative,starch,cmy,CxS,0,NA,NA,NA,0:34:00,0:16:00,34,16
5/15/14,Canton s,2,matched,5,MS,9:22:00,am,13,,10:10,10:36,L,R,disassortative,starch,cmy,CxS,0,NA,NA,NA,0:48:00,0:26:00,48,26
5/15/14,Canton s,2,matched,6,MS,9:28:00,am,5,,9:40,9:55,L,R,disassortative,starch,cmy,CxS,0,NA,NA,NA,0:12:00,0:15:00,12,15
5/15/14,Canton s,2,matched,6,MS,9:28:00,am,6,,9:40,10:17,L,R,disassortative,starch,cmy,CxS,0,NA,NA,NA,0:12:00,0:37:00,12,37
5/15/14,Canton s,2,matched,6,MS,9:28:00,am,7,,9:40,10:00,L,R,disassortative,starch,cmy,CxS,0,NA,NA,NA,0:12:00,0:20:00,12,20
5/15/14,Canton s,2,matched,6,MS,9:28:00,am,8,,9:43,10:01,L,R,disassortative,starch,cmy,CxS,0,NA,NA,NA,0:15:00,0:18:00,15,18
5/15/14,Canton s,2,matched,6,MS,9:28:00,am,9,,9:44,10:01,L,R,disassortative,starch,cmy,CxS,0,NA,NA,NA,0:16:00,0:17:00,16,17
5/15/14,Canton s,2,matched,6,MS,9:28:00,am,11,,9:51,NA,L,R,disassortative,starch,cmy,CxS,0,NA,NA,NA,0:23:00,#VALUE!,23,#VALUE!
5/15/14,Canton s,2,matched,6,MS,9:28:00,am,14,,10:18,10:37,L,R,disassortative,starch,cmy,CxS,0,NA,NA,NA,0:50:00,0:19:00,50,19
5/15/14,Canton s,2,matched,6,MS,9:28:00,am,15,,10:22,10:44,L,R,disassortative,starch,cmy,CxS,0,NA,NA,NA,0:54:00,0:22:00,54,22
5/22/14,Canton s,1,matched,3,MS,9:31:00,am,1,,9:36,9:54,R,R,assortative,starch,starch,starch,1,NA,NA,NA,0:05:00,0:18:00,5,18
5/22/14,Canton s,1,matched,3,MS,9:31:00,am,2,,9:39,9:51,R,R,assortative,starch,starch,starch,1,NA,NA,NA,0:08:00,0:12:00,8,12
5/22/14,Canton s,1,matched,3,MS,9:31:00,am,3,,9:44,10:02,R,R,assortative,starch,starch,starch,1,NA,NA,NA,0:13:00,0:18:00,13,18
5/22/14,Canton s,1,matched,3,MS,9:31:00,am,5,,9:47,10:06,R,R,assortative,starch,starch,starch,1,NA,NA,NA,0:16:00,0:19:00,16,19
5/22/14,Canton s,1,matched,3,MS,9:31:00,am,6,,9:53,10:14,R,R,assortative,starch,starch,starch,1,NA,NA,NA,0:22:00,0:21:00,22,21
5/22/14,Canton s,1,matched,3,MS,9:31:00,am,7,,10:00,10:22,R,R,assortative,starch,starch,starch,1,NA,NA,NA,0:29:00,0:22:00,29,22
5/22/14,Canton s,1,matched,3,MS,9:31:00,am,8,,10:01,10:21,R,R,assortative,starch,starch,starch,1,NA,NA,NA,0:30:00,0:20:00,30,20
5/22/14,Canton s,1,matched,3,MS,9:31:00,am,9,,10:02,10:21,R,R,assortative,starch,starch,starch,1,NA,NA,NA,0:31:00,0:19:00,31,19
5/22/14,Canton s,1,matched,3,MS,9:31:00,am,10,,10:14,10:32,R,R,assortative,starch,starch,starch,1,NA,NA,NA,0:43:00,0:18:00,43,18
5/22/14,Canton s,1,matched,3,MS,9:31:00,am,11,,10:29,10:45,R,R,assortative,starch,starch,starch,1,NA,NA,NA,0:58:00,0:16:00,58,16
5/22/14,Canton s,1,matched,3,MS,9:31:00,am,4,,9:46,10:03,R,L,disassortative,starch,cmy,CxS,0,NA,NA,NA,0:15:00,0:17:00,15,17
5/28/14,Canton s,2,matched,3,MS,11:00:00,am,3,,11:11,11:28,L,L,assortative,starch,starch,starch,1,NA,NA,NA,0:11:00,0:17:00,11,17
5/28/14,Canton s,2,matched,3,MS,11:00:00,am,5,,11:13,11:34,L,L,assortative,starch,starch,starch,1,NA,NA,NA,0:13:00,0:21:00,13,21
5/28/14,Canton s,2,matched,3,MS,11:00:00,am,7,,11:17,11:40,L,L,assortative,starch,starch,starch,1,NA,NA,NA,0:17:00,0:23:00,17,23
5/28/14,Canton s,2,matched,3,MS,11:00:00,am,8,,11:17,11:35,L,L,assortative,starch,starch,starch,1,NA,NA,NA,0:17:00,0:18:00,17,18
5/28/14,Canton s,2,matched,3,MS,11:00:00,am,9,,11:17,11:34,L,L,assortative,starch,starch,starch,1,NA,NA,NA,0:17:00,0:17:00,17,17
5/28/14,Canton s,2,matched,3,MS,11:00:00,am,12,,11:27,11:42,L,L,assortative,starch,starch,starch,1,NA,NA,NA,0:27:00,0:15:00,27,15
5/28/14,Canton s,2,matched,3,MS,11:00:00,am,14,,11:31,11:51,L,L,assortative,starch,starch,starch,1,NA,NA,NA,0:31:00,0:20:00,31,20
5/28/14,Canton s,2,matched,3,MS,11:00:00,am,18,,11:52,12:05,L,L,assortative,starch,starch,starch,1,NA,NA,NA,0:52:00,0:13:00,52,13
5/28/14,Canton s,2,matched,3,MS,11:00:00,am,1,,11:09,11:28,L,R,disassortative,starch,cmy,CxS,0,NA,NA,NA,0:09:00,0:19:00,9,19
5/28/14,Canton s,2,matched,3,MS,11:00:00,am,2,,11:11,11:30,L,R,disassortative,starch,cmy,CxS,0,NA,NA,NA,0:11:00,0:19:00,11,19
5/28/14,Canton s,2,matched,3,MS,11:00:00,am,4,,11:13,11:34,L,R,disassortative,starch,cmy,CxS,0,NA,NA,NA,0:13:00,0:21:00,13,21
5/28/14,Canton s,2,matched,3,MS,11:00:00,am,6,,11:16,11:35,L,R,disassortative,starch,cmy,CxS,0,NA,NA,NA,0:16:00,0:19:00,16,19
5/28/14,Canton s,2,matched,3,MS,11:00:00,am,10,,11:19,11:42,L,R,disassortative,starch,cmy,CxS,0,NA,NA,NA,0:19:00,0:23:00,19,23
5/28/14,Canton s,2,matched,3,MS,11:00:00,am,11,,11:25,11:46,L,R,disassortative,starch,cmy,CxS,0,NA,NA,NA,0:25:00,0:21:00,25,21
5/28/14,Canton s,2,matched,3,MS,11:00:00,am,13,,11:30,11:51,L,R,disassortative,starch,cmy,CxS,0,NA,NA,NA,0:30:00,0:21:00,30,21
5/28/14,Canton s,2,matched,3,MS,11:00:00,am,15,,11:35,11:51,L,R,disassortative,starch,cmy,CxS,0,NA,NA,NA,0:35:00,0:16:00,35,16
5/28/14,Canton s,2,matched,3,MS,11:00:00,am,16,,11:39,11:57,L,R,disassortative,starch,cmy,CxS,0,NA,NA,NA,0:39:00,0:18:00,39,18
5/28/14,Canton s,2,matched,3,MS,11:00:00,am,17,,11:45,12:03,L,R,disassortative,starch,cmy,CxS,0,NA,NA,NA,0:45:00,0:18:00,45,18
6/5/14,Canton s,1,matched,4,MS,9:20:00,am,3,,9:35,9:56,R,R,assortative,starch,starch,starch,1,NA,NA,NA,0:15:00,0:21:00,15,21
6/5/14,Canton s,1,matched,4,MS,9:20:00,am,5,,9:41,9:59,R,R,assortative,starch,starch,starch,1,NA,NA,NA,0:21:00,0:18:00,21,18
6/5/14,Canton s,1,matched,4,MS,9:20:00,am,6,,9:42,9:59,R,R,assortative,starch,starch,starch,1,NA,NA,NA,0:22:00,0:17:00,22,17
6/5/14,Canton s,1,matched,4,MS,9:20:00,am,7,,9:44,9:59,R,R,assortative,starch,starch,starch,1,NA,NA,NA,0:24:00,0:15:00,24,15
6/5/14,Canton s,1,matched,4,MS,9:20:00,am,8,,9:44,10:02,R,R,assortative,starch,starch,starch,1,NA,NA,NA,0:24:00,0:18:00,24,18
6/5/14,Canton s,1,matched,4,MS,9:20:00,am,10,,9:54,10:14,R,R,assortative,starch,starch,starch,1,NA,NA,NA,0:34:00,0:20:00,34,20
6/5/14,Canton s,1,matched,4,MS,9:20:00,am,12,,10:18,10:38,R,R,assortative,starch,starch,starch,1,NA,NA,NA,0:58:00,0:20:00,58,20
6/5/14,Canton s,1,matched,4,MS,9:20:00,am,1,,9:31,9:46,R,L,disassortative,starch,cmy,CxS,0,NA,NA,NA,0:11:00,0:15:00,11,15
6/5/14,Canton s,1,matched,4,MS,9:20:00,am,2,,9:34,9:56,R,L,disassortative,starch,cmy,CxS,0,NA,NA,NA,0:14:00,0:22:00,14,22
6/5/14,Canton s,1,matched,4,MS,9:20:00,am,4,,9:36,9:59,R,L,disassortative,starch,cmy,CxS,0,NA,NA,NA,0:16:00,0:23:00,16,23
6/5/14,Canton s,1,matched,4,MS,9:20:00,am,9,,9:47,10:06,R,L,disassortative,starch,cmy,CxS,0,NA,NA,NA,0:27:00,0:19:00,27,19
6/5/14,Canton s,1,matched,4,MS,9:20:00,am,11,,9:55,10:14,R,L,disassortative,starch,cmy,CxS,0,NA,NA,NA,0:35:00,0:19:00,35,19
